profile,factor,group,outcome,n,mean,sd
historical,user_demographic,Female_Black,fairness,43,5.9372093023255825,0.7810320570867247
historical,user_demographic,Female_Black,spp,43,5.3895348837209305,1.1734103468131347
historical,user_demographic,Female_Black,privacy_concerns,43,3.3953488372093017,1.176142501969507
historical,user_demographic,Female_Black,impression_management,43,4.093023255813954,0.6614901463604763
historical,user_demographic,Female_White,fairness,60,5.284999999999999,1.0021713713867098
historical,user_demographic,Female_White,spp,60,4.669444444444445,1.1787077041624237
historical,user_demographic,Female_White,privacy_concerns,60,3.381666666666667,1.041103011342292
historical,user_demographic,Female_White,impression_management,60,3.6875,0.8229043748635023
historical,user_demographic,Male_Black,fairness,55,6.098181818181819,1.0548812306484607
historical,user_demographic,Male_Black,spp,55,5.707575757575758,1.4047128866966472
historical,user_demographic,Male_Black,privacy_concerns,55,3.5381818181818185,1.1434986775633917
historical,user_demographic,Male_Black,impression_management,55,4.1454545454545455,0.8439475545005595
historical,user_demographic,Male_White,fairness,60,5.498333333333333,0.981436454450462
historical,user_demographic,Male_White,spp,60,4.793055555555555,1.142041534672783
historical,user_demographic,Male_White,privacy_concerns,60,3.413333333333333,1.1908502398644887
historical,user_demographic,Male_White,impression_management,60,3.683333333333333,0.8321743352770412
historical,interviewer_demographic,Female_Black,fairness,40,5.657500000000001,0.9636702010596035
historical,interviewer_demographic,Female_Black,spp,40,5.027083333333333,1.4590062550026137
historical,interviewer_demographic,Female_Black,privacy_concerns,40,3.4450000000000003,1.2457002973304738
historical,interviewer_demographic,Female_Black,impression_management,40,3.81875,0.8105622850519989
historical,interviewer_demographic,Female_White,fairness,30,5.676666666666665,1.1091106512794877
historical,interviewer_demographic,Female_White,spp,30,4.988888888888888,1.2049811474760381
historical,interviewer_demographic,Female_White,privacy_concerns,30,3.5866666666666664,1.1578021191578622
historical,interviewer_demographic,Female_White,impression_management,30,3.816666666666667,1.0020094752574684
historical,interviewer_demographic,Male_Black,fairness,31,5.687096774193549,0.9258300547738664
historical,interviewer_demographic,Male_Black,spp,31,5.190860215053764,1.114756564603842
historical,interviewer_demographic,Male_Black,privacy_concerns,31,3.3419354838709685,1.0654495744515198
historical,interviewer_demographic,Male_Black,impression_management,31,4.07258064516129,0.7164540819989117
historical,interviewer_demographic,Male_White,fairness,24,5.575,1.3185136559283583
historical,interviewer_demographic,Male_White,spp,24,4.850694444444445,1.5477463682564032
historical,interviewer_demographic,Male_White,privacy_concerns,24,3.6625,1.3818111932941648
historical,interviewer_demographic,Male_White,impression_management,24,3.7708333333333335,1.075711763020861
historical,interviewer_demographic,Non-Binary_Black,fairness,54,5.809259259259259,0.9316790520585532
historical,interviewer_demographic,Non-Binary_Black,spp,54,5.342592592592591,1.0347305762751413
historical,interviewer_demographic,Non-Binary_Black,privacy_concerns,54,3.3703703703703707,0.9806870194149185
historical,interviewer_demographic,Non-Binary_Black,impression_management,54,3.8564814814814814,0.756421958232227
historical,interviewer_demographic,Non-Binary_White,fairness,39,5.571794871794872,1.030571818266242
historical,interviewer_demographic,Non-Binary_White,spp,39,5.047008547008547,1.487864515241391
historical,interviewer_demographic,Non-Binary_White,privacy_concerns,39,3.317948717948718,1.098772471747161
historical,interviewer_demographic,Non-Binary_White,impression_management,39,3.948717948717949,0.7075241468342803
corrected,user_demographic,Female_Black,fairness,43,5.9372093023255825,0.7810320570867247
corrected,user_demographic,Female_Black,spp,43,5.3895348837209305,1.1734103468131347
corrected,user_demographic,Female_Black,privacy_concerns,43,3.302325581395348,1.1901357209705166
corrected,user_demographic,Female_Black,impression_management,43,4.093023255813954,0.6614901463604763
corrected,user_demographic,Female_White,fairness,60,5.284999999999999,1.0021713713867098
corrected,user_demographic,Female_White,spp,60,4.669444444444445,1.1787077041624237
corrected,user_demographic,Female_White,privacy_concerns,60,3.3883333333333328,1.0366326951397822
corrected,user_demographic,Female_White,impression_management,60,3.6875,0.8229043748635023
corrected,user_demographic,Male_Black,fairness,55,6.098181818181819,1.0548812306484607
corrected,user_demographic,Male_Black,spp,55,5.707575757575758,1.4047128866966472
corrected,user_demographic,Male_Black,privacy_concerns,55,3.4072727272727272,1.133472956343001
corrected,user_demographic,Male_Black,impression_management,55,4.1454545454545455,0.8439475545005595
corrected,user_demographic,Male_White,fairness,60,5.498333333333333,0.981436454450462
corrected,user_demographic,Male_White,spp,60,4.793055555555555,1.142041534672783
corrected,user_demographic,Male_White,privacy_concerns,60,3.35,1.1858630555172371
corrected,user_demographic,Male_White,impression_management,60,3.683333333333333,0.8321743352770412
corrected,interviewer_demographic,Female_Black,fairness,40,5.657500000000001,0.9636702010596035
corrected,interviewer_demographic,Female_Black,spp,40,5.027083333333333,1.4590062550026137
corrected,interviewer_demographic,Female_Black,privacy_concerns,40,3.4,1.1823488139921814
corrected,interviewer_demographic,Female_Black,impression_management,40,3.81875,0.8105622850519989
corrected,interviewer_demographic,Female_White,fairness,30,5.676666666666665,1.1091106512794877
corrected,interviewer_demographic,Female_White,spp,30,4.988888888888888,1.2049811474760381
corrected,interviewer_demographic,Female_White,privacy_concerns,30,3.513333333333334,1.1431153238751377
corrected,interviewer_demographic,Female_White,impression_management,30,3.816666666666667,1.0020094752574684
corrected,interviewer_demographic,Male_Black,fairness,31,5.687096774193549,0.9258300547738664
corrected,interviewer_demographic,Male_Black,spp,31,5.190860215053764,1.114756564603842
corrected,interviewer_demographic,Male_Black,privacy_concerns,31,3.27741935483871,1.0082029152306444
corrected,interviewer_demographic,Male_Black,impression_management,31,4.07258064516129,0.7164540819989117
corrected,interviewer_demographic,Male_White,fairness,24,5.575,1.3185136559283583
corrected,interviewer_demographic,Male_White,spp,24,4.850694444444445,1.5477463682564032
corrected,interviewer_demographic,Male_White,privacy_concerns,24,3.6458333333333335,1.4160505906789909
corrected,interviewer_demographic,Male_White,impression_management,24,3.7708333333333335,1.075711763020861
corrected,interviewer_demographic,Non-Binary_Black,fairness,54,5.809259259259259,0.9316790520585532
corrected,interviewer_demographic,Non-Binary_Black,spp,54,5.342592592592591,1.0347305762751413
corrected,interviewer_demographic,Non-Binary_Black,privacy_concerns,54,3.2925925925925923,0.9882043658188018
corrected,interviewer_demographic,Non-Binary_Black,impression_management,54,3.8564814814814814,0.756421958232227
corrected,interviewer_demographic,Non-Binary_White,fairness,39,5.571794871794872,1.030571818266242
corrected,interviewer_demographic,Non-Binary_White,spp,39,5.047008547008547,1.487864515241391
corrected,interviewer_demographic,Non-Binary_White,privacy_concerns,39,3.2153846153846155,1.1558861857873062
corrected,interviewer_demographic,Non-Binary_White,impression_management,39,3.948717948717949,0.7075241468342803
