variable,construct,source_question,minimum,maximum,historically_reversed,review_note,corrected_reversed
ati_item_01,ati,Q5_1_pre_survey,1,6,False,,False
ati_item_02,ati,Q5_2_pre_survey,1,6,False,,False
ati_item_03,ati,Q5_3_pre_survey,1,6,True,,True
ati_item_04,ati,Q5_4_pre_survey,1,6,False,,False
ati_item_05,ati,Q5_5_pre_survey,1,6,False,,False
ati_item_06,ati,Q5_6_pre_survey,1,6,True,,True
ati_item_07,ati,Q5_7_pre_survey,1,6,False,,False
ati_item_08,ati,Q5_8_pre_survey,1,6,True,,True
ati_item_09,ati,Q5_9_pre_survey,1,6,False,,False
masi_item_01,masi,Q11_1_postsurvey,1,5,False,,False
masi_item_02,masi,Q11_2_postsurvey,1,5,False,,False
masi_item_03,masi,Q11_3_postsurvey,1,5,False,,False
masi_item_04,masi,Q11_4_postsurvey,1,5,True,,True
masi_item_05,masi,Q11_5_postsurvey,1,5,False,,False
masi_item_06,masi,Q11_6_postsurvey,1,5,True,,True
masi_item_07,masi,Q12_1_postsurvey,1,5,False,,False
masi_item_08,masi,Q12_2_postsurvey,1,5,False,,False
masi_item_09,masi,Q12_3_postsurvey,1,5,False,,False
masi_item_10,masi,Q12_4_postsurvey,1,5,False,,False
masi_item_11,masi,Q12_5_postsurvey,1,5,False,,False
masi_item_12,masi,Q12_6_postsurvey,1,5,False,,False
masi_item_13,masi,Q13_1_postsurvey,1,5,False,,False
masi_item_14,masi,Q13_2_postsurvey,1,5,False,,False
masi_item_15,masi,Q13_3_postsurvey,1,5,False,,False
masi_item_16,masi,Q13_4_postsurvey,1,5,False,,False
masi_item_17,masi,Q13_5_postsurvey,1,5,False,,False
masi_item_18,masi,Q13_6_postsurvey,1,5,False,,False
masi_item_19,masi,Q14_1_postsurvey,1,5,False,,False
masi_item_20,masi,Q14_2_postsurvey,1,5,False,,False
masi_item_21,masi,Q14_3_postsurvey,1,5,False,,False
masi_item_22,masi,Q14_4_postsurvey,1,5,False,,False
masi_item_23,masi,Q14_5_postsurvey,1,5,False,,False
masi_item_24,masi,Q14_6_postsurvey,1,5,False,,False
masi_item_25,masi,Q15_1_postsurvey,1,5,False,,False
masi_item_26,masi,Q15_2_postsurvey,1,5,False,,False
masi_item_27,masi,Q15_3_postsurvey,1,5,False,,False
masi_item_28,masi,Q15_4_postsurvey,1,5,False,,False
masi_item_29,masi,Q15_5_postsurvey,1,5,False,,False
masi_item_30,masi,Q15_6_postsurvey,1,5,False,,False
fairness_item_01,fairness,Q6_1_postsurvey,1,7,False,,False
fairness_item_02,fairness,Q6_2_postsurvey,1,7,False,,False
fairness_item_03,fairness,Q6_3_postsurvey,1,7,False,,False
fairness_item_04,fairness,Q6_4_postsurvey,1,7,False,,False
fairness_item_05,fairness,Q5_1_postsurvey,1,7,False,,False
fairness_item_06,fairness,Q5_2_postsurvey,1,7,False,,False
fairness_item_07,fairness,Q5_3_postsurvey,1,7,False,,False
fairness_item_08,fairness,Q7_1_postsurvey,1,7,False,,False
fairness_item_09,fairness,Q7_2_postsurvey,1,7,False,,False
fairness_item_10,fairness,Q7_3_postsurvey,1,7,False,,False
privacy_concerns_item_01,privacy_concerns,Q3_1_postsurvey,1,7,False,,False
privacy_concerns_item_02,privacy_concerns,Q3_2_postsurvey,1,7,False,,False
privacy_concerns_item_03,privacy_concerns,Q3_3_postsurvey,1,7,False,,False
privacy_concerns_item_04,privacy_concerns,Q3_4_postsurvey,1,7,False,,False
privacy_concerns_item_05,privacy_concerns,Q3_5_postsurvey,1,7,False,,False
privacy_concerns_item_06,privacy_concerns,Q4_1_postsurvey,1,7,False,,False
privacy_concerns_item_07,privacy_concerns,Q4_2_postsurvey,1,7,False,,False
privacy_concerns_item_08,privacy_concerns,Q4_3_postsurvey,1,7,False,,False
privacy_concerns_item_09,privacy_concerns,Q4_4_postsurvey,1,7,False,,False
privacy_concerns_item_10,privacy_concerns,Q4_5_postsurvey,1,7,False,Corrected profile reverses safe-storage item; historical profile does not.,True
impression_management_item_01,impression_management,Q10_1_postsurvey,1,5,False,,False
impression_management_item_02,impression_management,Q10_2_postsurvey,1,5,False,,False
impression_management_item_03,impression_management,Q10_3_postsurvey,1,5,False,,False
impression_management_item_04,impression_management,Q10_4_postsurvey,1,5,False,,False
perceived_warmth_item_01,perceived_warmth,Q1_1_postsurvey,1,7,False,,False
perceived_warmth_item_02,perceived_warmth,Q1_2_postsurvey,1,7,False,,False
perceived_competence_item_01,perceived_competence,Q1_3_postsurvey,1,7,False,,False
perceived_competence_item_02,perceived_competence,Q1_4_postsurvey,1,7,False,,False
social_presence_item_01,social_presence,Social Presence _1_postsurvey,1,7,False,,False
social_presence_item_02,social_presence,Social Presence _2_postsurvey,1,7,False,,False
social_presence_item_03,social_presence,Social Presence _3_postsurvey,1,7,False,,False
social_presence_item_04,social_presence,Social Presence _4_postsurvey,1,7,False,,False
perceived_outcome_item_01,perceived_outcome,Q8_1_postsurvey,1,7,False,,False
