path,coef,se,pval,ci_lower,ci_upper,sig,demographic,outcome,bootstrap_samples,seed,profile
spp ~ X,0.375935273425329,0.2193665626086419,0.0880329693118692,-0.0564721724674784,0.8083427193181366,No,Female_Black,fairness,500,42,historical
Y ~ spp,0.6292868474868932,0.0318394808902373,4.477143848468293e-50,0.5665260126240963,0.6920476823496902,Yes,Female_Black,fairness,500,42,historical
Total,0.3510445320059768,0.1710983066015678,0.0414209379566571,0.0137817291687048,0.6883073348432487,Yes,Female_Black,fairness,500,42,historical
Direct,0.1160517843420191,0.1032775176071559,0.2624159027006534,-0.0875306153789066,0.3196341840629449,No,Female_Black,fairness,500,42,historical
Indirect,0.2349927476639573,0.1275964656028776,0.072,-0.0041320466147653,0.4731159941640816,No,Female_Black,fairness,500,42,historical
spp ~ X,0.375935273425329,0.2193665626086419,0.0880329693118692,-0.0564721724674784,0.8083427193181366,No,Female_Black,privacy_concerns,500,42,historical
Y ~ spp,-0.3556861589688163,0.0552979624895173,8.157575740329492e-10,-0.4646875055679652,-0.2466848123696673,Yes,Female_Black,privacy_concerns,500,42,historical
Total,-0.0937605876765528,0.1946938592388099,0.6305990325015497,-0.4775340917299507,0.2900129163768451,No,Female_Black,privacy_concerns,500,42,historical
Direct,0.0405052824204157,0.1798815035998681,0.8220580333348562,-0.314080197718314,0.3950907625591455,No,Female_Black,privacy_concerns,500,42,historical
Indirect,-0.134265870096969,0.0796909828302658,0.072,-0.3035296203298401,-0.0002165820437067,No,Female_Black,privacy_concerns,500,42,historical
spp ~ X,0.375935273425329,0.2193665626086419,0.0880329693118692,-0.0564721724674784,0.8083427193181366,No,Female_Black,impression_management,500,42,historical
Y ~ spp,0.4075109720891567,0.0324012973551504,1.7035184255512254e-27,0.3436427049004632,0.4713792392778502,Yes,Female_Black,impression_management,500,42,historical
Total,0.2526827113508197,0.1367879885640062,0.0660966475095389,-0.0169488316719835,0.522314254373623,No,Female_Black,impression_management,500,42,historical
Direct,0.1008566752450436,0.1051845664376927,0.3387243856656439,-0.1064849315743956,0.3081982820644829,No,Female_Black,impression_management,500,42,historical
Indirect,0.1518260361057759,0.0818429642821372,0.072,-0.004556553498585,0.303030308499136,No,Female_Black,impression_management,500,42,historical
spp ~ X,-0.5473664533799347,0.19310211700746,0.005029905298233,-0.928002372631926,-0.1667305341279435,Yes,Female_White,fairness,500,42,historical
Y ~ spp,0.6292868474868932,0.0318394808902373,4.477143848468293e-50,0.5665260126240963,0.6920476823496902,Yes,Female_White,fairness,500,42,historical
Total,-0.4603373992446981,0.1506114963982324,0.0025262279283835,-0.7572173416807741,-0.163457456808622,Yes,Female_White,fairness,500,42,historical
Direct,-0.1202584548431398,0.0929691545457835,0.197235177466898,-0.3035208339259695,0.0630039242396899,No,Female_White,fairness,500,42,historical
Indirect,-0.3400789444015577,0.1132446802887103,0.0,-0.5862601244465684,-0.1502327637904275,Yes,Female_White,fairness,500,42,historical
spp ~ X,-0.5473664533799347,0.19310211700746,0.005029905298233,-0.928002372631926,-0.1667305341279435,Yes,Female_White,privacy_concerns,500,42,historical
Y ~ spp,-0.3556861589688163,0.0552979624895173,8.157575740329492e-10,-0.4646875055679652,-0.2466848123696673,Yes,Female_White,privacy_concerns,500,42,historical
Total,-0.2070178880373015,0.1729082629742329,0.2325320546397406,-0.5478484115106386,0.1338126354360355,No,Female_White,privacy_concerns,500,42,historical
Direct,-0.416862087756015,0.1595539529011914,0.0096268225672118,-0.7313775541340862,-0.1023466213779438,Yes,Female_White,privacy_concerns,500,42,historical
Indirect,0.2098441997187141,0.0754883871088101,0.0,0.0809289066217751,0.3737566176513401,Yes,Female_White,privacy_concerns,500,42,historical
spp ~ X,-0.5473664533799347,0.19310211700746,0.005029905298233,-0.928002372631926,-0.1667305341279435,Yes,Female_White,impression_management,500,42,historical
Y ~ spp,0.4075109720891567,0.0324012973551504,1.7035184255512254e-27,0.3436427049004632,0.4713792392778502,Yes,Female_White,impression_management,500,42,historical
Total,-0.1406790332448868,0.1224167027814203,0.2517698477899266,-0.3819824167453566,0.1006243502555829,No,Female_White,impression_management,500,42,historical
Direct,0.0854863524681418,0.094800607566385,0.3682135487036529,-0.1013862179665794,0.2723589229028631,No,Female_White,impression_management,500,42,historical
Indirect,-0.2261653857130283,0.0751276902317453,0.0,-0.3819079521440736,-0.0840799955490047,Yes,Female_White,impression_management,500,42,historical
spp ~ X,0.7637125295916032,0.1974430993518731,0.0001457964586361,0.3745198227148625,1.152905236468344,Yes,Male_Black,fairness,500,42,historical
Y ~ spp,0.6292868474868932,0.0318394808902373,4.477143848468293e-50,0.5665260126240963,0.6920476823496902,Yes,Male_Black,fairness,500,42,historical
Total,0.4870804217539584,0.1562600453419556,0.0020782496563393,0.1790662636347323,0.7950945798731845,Yes,Male_Black,fairness,500,42,historical
Direct,0.0069417727004319,0.0984229707281136,0.9438383054533278,-0.1870712616243151,0.2009548070251788,No,Male_Black,fairness,500,42,historical
Indirect,0.4801386490534998,0.1391455204902237,0.0,0.2158632914008302,0.7615906697946346,Yes,Male_Black,fairness,500,42,historical
spp ~ X,0.7637125295916032,0.1974430993518731,0.0001457964586361,0.3745198227148625,1.152905236468344,Yes,Male_Black,privacy_concerns,500,42,historical
Y ~ spp,-0.3556861589688163,0.0552979624895173,8.157575740329492e-10,-0.4646875055679652,-0.2466848123696673,Yes,Male_Black,privacy_concerns,500,42,historical
Total,0.2733500989938024,0.179170885643196,0.1285832408820232,-0.0798250801128906,0.6265252781004955,No,Male_Black,privacy_concerns,500,42,historical
Direct,0.5832733591777671,0.1661802229528981,0.0005474822170954,0.255696076544036,0.9108506418114984,Yes,Male_Black,privacy_concerns,500,42,historical
Indirect,-0.3099232601840029,0.1038776215946529,0.0,-0.5551255161454373,-0.144982548923545,Yes,Male_Black,privacy_concerns,500,42,historical
spp ~ X,0.7637125295916032,0.1974430993518731,0.0001457964586361,0.3745198227148625,1.152905236468344,Yes,Male_Black,impression_management,500,42,historical
Y ~ spp,0.4075109720891567,0.0324012973551504,1.7035184255512254e-27,0.3436427049004632,0.4713792392778502,Yes,Male_Black,impression_management,500,42,historical
Total,0.218183136997885,0.1266287778259234,0.0863373186520204,-0.0314229367131786,0.4677892107089488,No,Male_Black,impression_management,500,42,historical
Direct,-0.099573272007755,0.0999271087273905,0.3201631369989033,-0.2965512887458961,0.0974047447303861,No,Male_Black,impression_management,500,42,historical
Indirect,0.3177564090056139,0.0984855994760365,0.0,0.1381446910245704,0.5392726371278322,Yes,Male_Black,impression_management,500,42,historical
spp ~ X,-0.4802278058209961,0.1984728092493947,0.0163763119061205,-0.8714502396602374,-0.0890053719817548,Yes,Male_White,fairness,500,42,historical
Y ~ spp,0.6292868474868932,0.0318394808902373,4.477143848468293e-50,0.5665260126240963,0.6920476823496902,Yes,Male_White,fairness,500,42,historical
Total,-0.2822498329551058,0.1561838549099438,0.0721477461692476,-0.5901138072463323,0.0256141413361205,No,Male_White,fairness,500,42,historical
Direct,0.0204995897779289,0.0949744758354367,0.8293175416424702,-0.1667157127466893,0.2077148923025472,No,Male_White,fairness,500,42,historical
Indirect,-0.3027494227330347,0.1293298689815438,0.024,-0.5522695190138007,-0.0810393260996845,Yes,Male_White,fairness,500,42,historical
spp ~ X,-0.4802278058209961,0.1984728092493947,0.0163763119061205,-0.8714502396602374,-0.0890053719817548,Yes,Male_White,privacy_concerns,500,42,historical
Y ~ spp,-0.3556861589688163,0.0552979624895173,8.157575740329492e-10,-0.4646875055679652,-0.2466848123696673,Yes,Male_White,privacy_concerns,500,42,historical
Total,0.0291495090912216,0.1774214001397728,0.8696544518058011,-0.3205771473729786,0.378876165555422,No,Male_White,privacy_concerns,500,42,historical
Direct,-0.1455545781749644,0.1646640928443124,0.3777253607090227,-0.4701432393454156,0.1790340829954866,No,Male_White,privacy_concerns,500,42,historical
Indirect,0.1747040872661862,0.0819298821691113,0.024,0.0483664929645749,0.3623868634891771,Yes,Male_White,privacy_concerns,500,42,historical
spp ~ X,-0.4802278058209961,0.1984728092493947,0.0163763119061205,-0.8714502396602374,-0.0890053719817548,Yes,Male_White,impression_management,500,42,historical
Y ~ spp,0.4075109720891567,0.0324012973551504,1.7035184255512254e-27,0.3436427049004632,0.4713792392778502,Yes,Male_White,impression_management,500,42,historical
Total,-0.2741459277965207,0.1241741151531357,0.0283284303919445,-0.5189134590959857,-0.0293783964970556,Yes,Male_White,impression_management,500,42,historical
Direct,-0.0806040518974803,0.0965022910723152,0.40451428019261,-0.2708310098090633,0.1096229060141024,No,Male_White,impression_management,500,42,historical
Indirect,-0.1935418758990403,0.0857970742901912,0.024,-0.3707102527243374,-0.0472054478219012,Yes,Male_White,impression_management,500,42,historical
spp ~ X,0.3759352734253313,0.2193665626086449,0.0880329693118716,-0.0564721724674821,0.8083427193181448,No,Female_Black,fairness,500,42,corrected
Y ~ spp,0.6292868474868931,0.0318394808902399,4.477143848519802e-50,0.566526012624091,0.6920476823496953,Yes,Female_Black,fairness,500,42,corrected
Total,0.3510445320059784,0.1710983066015702,0.0414209379566588,0.0137817291687018,0.6883073348432549,Yes,Female_Black,fairness,500,42,corrected
Direct,0.1160517843420197,0.1032775176071552,0.2624159027006476,-0.0875306153789045,0.3196341840629441,No,Female_Black,fairness,500,42,corrected
Indirect,0.234992747663959,0.1275964656028778,0.072,-0.0041320466147677,0.4731159941640816,No,Female_Black,fairness,500,42,corrected
spp ~ X,0.3759352734253313,0.2193665626086449,0.0880329693118716,-0.0564721724674821,0.8083427193181448,No,Female_Black,privacy_concerns,500,42,corrected
Y ~ spp,-0.3998704152805836,0.0528869465112112,1.1774210056640546e-12,-0.504119254256016,-0.2956215763051513,Yes,Female_Black,privacy_concerns,500,42,corrected
Total,-0.1260698811642057,0.1918087003148036,0.5117176631315263,-0.5041562641427746,0.2520165018143631,No,Female_Black,privacy_concerns,500,42,corrected
Direct,0.024589951148729,0.1720508730784526,0.8864870884618652,-0.3145596568872107,0.3637395591846689,No,Female_Black,privacy_concerns,500,42,corrected
Indirect,-0.1506598323129347,0.0872711937442492,0.072,-0.3348904459153186,0.0013882059725893,No,Female_Black,privacy_concerns,500,42,corrected
spp ~ X,0.3759352734253313,0.2193665626086449,0.0880329693118716,-0.0564721724674821,0.8083427193181448,No,Female_Black,impression_management,500,42,corrected
Y ~ spp,0.4075109720891572,0.0324012973551531,1.7035184255639887e-27,0.3436427049004584,0.4713792392778559,Yes,Female_Black,impression_management,500,42,corrected
Total,0.2526827113508206,0.1367879885640081,0.0660966475095417,-0.0169488316719863,0.5223142543736277,No,Female_Black,impression_management,500,42,corrected
Direct,0.1008566752450439,0.105184566437692,0.3387243856656394,-0.1064849315743938,0.3081982820644817,No,Female_Black,impression_management,500,42,corrected
Indirect,0.1518260361057772,0.0818429642821372,0.072,-0.0045565534985844,0.3030303084991343,No,Female_Black,impression_management,500,42,corrected
spp ~ X,-0.5473664533799351,0.1931021170074612,0.0050299052982333,-0.9280023726319284,-0.1667305341279416,Yes,Female_White,fairness,500,42,corrected
Y ~ spp,0.6292868474868931,0.0318394808902399,4.477143848519802e-50,0.566526012624091,0.6920476823496953,Yes,Female_White,fairness,500,42,corrected
Total,-0.4603373992446978,0.1506114963982333,0.0025262279283837,-0.7572173416807755,-0.16345745680862,Yes,Female_White,fairness,500,42,corrected
Direct,-0.1202584548431392,0.0929691545457842,0.1972351774669034,-0.3035208339259702,0.0630039242396917,No,Female_White,fairness,500,42,corrected
Indirect,-0.340078944401558,0.1132446802887103,0.0,-0.5862601244465679,-0.1502327637904272,Yes,Female_White,fairness,500,42,corrected
spp ~ X,-0.5473664533799351,0.1931021170074612,0.0050299052982333,-0.9280023726319284,-0.1667305341279416,Yes,Female_White,privacy_concerns,500,42,corrected
Y ~ spp,-0.3998704152805836,0.0528869465112112,1.1774210056640546e-12,-0.504119254256016,-0.2956215763051513,Yes,Female_White,privacy_concerns,500,42,corrected
Total,-0.1212300512028436,0.1707964818691406,0.4786091635481077,-0.4578979080278147,0.2154378056221275,No,Female_White,privacy_concerns,500,42,corrected
Direct,-0.3529354049705543,0.153127890720212,0.0221432961848111,-0.6547837082537893,-0.0510871016873192,Yes,Female_White,privacy_concerns,500,42,corrected
Indirect,0.2317053537677104,0.0814941375261957,0.0,0.0796648616234551,0.4057855780912492,Yes,Female_White,privacy_concerns,500,42,corrected
spp ~ X,-0.5473664533799351,0.1931021170074612,0.0050299052982333,-0.9280023726319284,-0.1667305341279416,Yes,Female_White,impression_management,500,42,corrected
Y ~ spp,0.4075109720891572,0.0324012973551531,1.7035184255639887e-27,0.3436427049004584,0.4713792392778559,Yes,Female_White,impression_management,500,42,corrected
Total,-0.1406790332448866,0.1224167027814211,0.2517698477899304,-0.3819824167453578,0.1006243502555846,No,Female_White,impression_management,500,42,corrected
Direct,0.0854863524681422,0.0948006075663856,0.3682135487036542,-0.1013862179665803,0.2723589229028648,No,Female_White,impression_management,500,42,corrected
Indirect,-0.2261653857130287,0.0751276902317453,0.0,-0.3819079521440719,-0.0840799955490043,Yes,Female_White,impression_management,500,42,corrected
spp ~ X,0.7637125295915652,0.1974430993518729,0.0001457964586362,0.3745198227148251,1.1529052364683052,Yes,Male_Black,fairness,500,42,corrected
Y ~ spp,0.6292868474868931,0.0318394808902399,4.477143848519802e-50,0.566526012624091,0.6920476823496953,Yes,Male_Black,fairness,500,42,corrected
Total,0.4870804217539076,0.1562600453419554,0.0020782496563414,0.1790662636346819,0.7950945798731333,Yes,Male_Black,fairness,500,42,corrected
Direct,0.0069417727004325,0.0984229707281138,0.9438383054533228,-0.1870712616243148,0.2009548070251799,No,Male_Black,fairness,500,42,corrected
Indirect,0.4801386490534761,0.1391455204902237,0.0,0.215863291400829,0.7615906697946351,Yes,Male_Black,fairness,500,42,corrected
spp ~ X,0.7637125295915652,0.1974430993518729,0.0001457964586362,0.3745198227148251,1.1529052364683052,Yes,Male_Black,privacy_concerns,500,42,corrected
Y ~ spp,-0.3998704152805836,0.0528869465112112,1.1774210056640546e-12,-0.504119254256016,-0.2956215763051513,Yes,Male_Black,privacy_concerns,500,42,corrected
Total,0.2063482367703407,0.1769970202200301,0.2449874291972168,-0.1425418973223461,0.5552383708630276,No,Male_Black,privacy_concerns,500,42,corrected
Direct,0.5476794762926206,0.159101328234977,0.0006947328146957,0.2340562313568898,0.8613027212283513,Yes,Male_Black,privacy_concerns,500,42,corrected
Indirect,-0.3413312395222809,0.1077938393437439,0.0,-0.5701530469530657,-0.1518379025809715,Yes,Male_Black,privacy_concerns,500,42,corrected
spp ~ X,0.7637125295915652,0.1974430993518729,0.0001457964586362,0.3745198227148251,1.1529052364683052,Yes,Male_Black,impression_management,500,42,corrected
Y ~ spp,0.4075109720891572,0.0324012973551531,1.7035184255639887e-27,0.3436427049004584,0.4713792392778559,Yes,Male_Black,impression_management,500,42,corrected
Total,0.2181831369978427,0.1266287778259233,0.0863373186520806,-0.0314229367132207,0.4677892107089061,No,Male_Black,impression_management,500,42,corrected
Direct,-0.0995732720077547,0.0999271087273907,0.3201631369989055,-0.2965512887458962,0.0974047447303867,No,Male_Black,impression_management,500,42,corrected
Indirect,0.317756409005598,0.0984855994760366,0.0,0.1381446910245703,0.5392726371278331,Yes,Male_Black,impression_management,500,42,corrected
spp ~ X,-0.4802278058209966,0.1984728092493947,0.0163763119061203,-0.8714502396602377,-0.0890053719817554,Yes,Male_White,fairness,500,42,corrected
Y ~ spp,0.6292868474868931,0.0318394808902399,4.477143848519802e-50,0.566526012624091,0.6920476823496953,Yes,Male_White,fairness,500,42,corrected
Total,-0.2822498329551061,0.1561838549099437,0.0721477461692473,-0.5901138072463324,0.0256141413361201,No,Male_White,fairness,500,42,corrected
Direct,0.0204995897779284,0.0949744758354363,0.8293175416424742,-0.166715712746689,0.2077148923025459,No,Male_White,fairness,500,42,corrected
Indirect,-0.3027494227330347,0.1293298689815438,0.024,-0.5522695190137991,-0.0810393260996849,Yes,Male_White,fairness,500,42,corrected
spp ~ X,-0.4802278058209966,0.1984728092493947,0.0163763119061203,-0.8714502396602377,-0.0890053719817554,Yes,Male_White,privacy_concerns,500,42,corrected
Y ~ spp,-0.3998704152805836,0.0528869465112112,1.1774210056640546e-12,-0.504119254256016,-0.2956215763051513,Yes,Male_White,privacy_concerns,500,42,corrected
Total,0.0312202544930473,0.1748721854958118,0.8584750027661664,-0.3134814821286777,0.3759219911147724,No,Male_White,privacy_concerns,500,42,corrected
Direct,-0.1652286383770568,0.1573659867521203,0.2949300381659201,-0.4754311486592004,0.1449738719050868,No,Male_White,privacy_concerns,500,42,corrected
Indirect,0.1964488928701047,0.0890893888892581,0.024,0.054345779247691,0.4003440939651502,Yes,Male_White,privacy_concerns,500,42,corrected
spp ~ X,-0.4802278058209966,0.1984728092493947,0.0163763119061203,-0.8714502396602377,-0.0890053719817554,Yes,Male_White,impression_management,500,42,corrected
Y ~ spp,0.4075109720891572,0.0324012973551531,1.7035184255639887e-27,0.3436427049004584,0.4713792392778559,Yes,Male_White,impression_management,500,42,corrected
Total,-0.274145927796521,0.1241741151531356,0.0283284303919442,-0.5189134590959859,-0.0293783964970561,Yes,Male_White,impression_management,500,42,corrected
Direct,-0.0806040518974806,0.0965022910723148,0.4045142801926061,-0.2708310098090628,0.1096229060141014,No,Male_White,impression_management,500,42,corrected
Indirect,-0.1935418758990404,0.0857970742901911,0.024,-0.3707102527243371,-0.0472054478219007,Yes,Male_White,impression_management,500,42,corrected
