A,B,mean_A,mean_B,diff,se,T,df,pval,hedges,profile,factor,outcome
Female_Black,Female_White,5.937209302325582,5.285,0.6522093023255815,0.17585627183834288,3.708763386756712,100.24109020343992,0.0019130141616438001,0.7061674569347306,historical,user_demographic,fairness
Female_Black,Male_Black,5.937209302325582,6.098181818181818,-0.16097251585623606,0.1855224139158825,-0.8676715252811578,95.7503643717541,0.8214920400664641,-0.16902685296936543,historical,user_demographic,fairness
Female_Black,Male_White,5.937209302325582,5.498333333333333,0.43887596899224857,0.17389631763352764,2.5237795426878677,99.8331929953014,0.062332238929180384,0.4821268489809085,historical,user_demographic,fairness
Female_White,Male_Black,5.285,6.098181818181818,-0.8131818181818176,0.19227944848024062,-4.229166583371926,110.86216036979576,0.0002799758934517449,-0.7860023432954365,historical,user_demographic,fairness
Female_White,Male_White,5.285,5.498333333333333,-0.21333333333333293,0.18108768464252395,-1.1780664916803343,117.94845929750757,0.6418518159459635,-0.21371456541518014,historical,user_demographic,fairness
Male_Black,Male_White,6.098181818181818,5.498333333333333,0.5998484848484846,0.1904885488670778,3.149000233431652,110.1944185376832,0.011179415570539475,0.5857853470405109,historical,user_demographic,fairness
Female_Black,Female_White,5.3895348837209305,4.669444444444445,0.7200904392764853,0.23489700872796923,3.0655581489775865,90.8777017223222,0.014917090031710822,0.6075012857228141,historical,user_demographic,spp
Female_Black,Male_Black,5.3895348837209305,5.707575757575758,-0.3180408738548275,0.2605713659773478,-1.2205518924227294,95.54840652193462,0.6154115914078264,-0.24114296816594646,historical,user_demographic,spp
Female_Black,Male_White,5.3895348837209305,4.793055555555555,0.5964793281653753,0.23185855234124864,2.5726000707857395,89.13735901794429,0.05598227408580536,0.5125038430078988,historical,user_demographic,spp
Female_White,Male_Black,4.669444444444445,5.707575757575758,-1.0381313131313128,0.2429661714169588,-4.272740139407128,105.84535862691976,0.0002448508311628794,-0.7983767475440824,historical,user_demographic,spp
Female_White,Male_White,4.669444444444445,4.793055555555555,-0.12361111111111,0.21188089102015223,-0.5833990527222827,117.88235684483682,0.93690725631617,-0.1058351764494476,historical,user_demographic,spp
Male_Black,Male_White,5.707575757575758,4.793055555555555,0.9145202020202028,0.24002988155112456,3.810026468831202,104.23725926897973,0.0013273531708460906,0.7128694020566192,historical,user_demographic,spp
Female_Black,Female_White,4.093023255813954,3.6875,0.40552325581395365,0.14649990351242737,2.768078654601665,99.60654001833356,0.03347114273286678,0.5296409637632546,historical,user_demographic,impression_management
Female_Black,Male_Black,4.093023255813954,4.1454545454545455,-0.05243128964059185,0.15207229304723266,-0.34477871405744526,95.99751144199442,0.9858276715928216,-0.06760623195629652,historical,user_demographic,impression_management
Female_Black,Male_White,4.093023255813954,3.683333333333333,0.4096899224806205,0.14737004545662857,2.7800081163793453,99.85777138504709,0.0324133266886214,0.5309787860608518,historical,user_demographic,impression_management
Female_White,Male_Black,3.6875,4.1454545454545455,-0.4579545454545455,0.15567963125965636,-2.9416471618610665,111.575136568307,0.020431566361929332,-0.5460908635002542,historical,user_demographic,impression_management
Female_White,Male_White,3.6875,3.683333333333333,0.004166666666666874,0.1510896938059904,0.027577438021796255,117.98519601225654,0.999992421467321,0.005002858687276429,historical,user_demographic,impression_management
Male_Black,Male_White,4.1454545454545455,3.683333333333333,0.4621212121212124,0.15649874171341066,2.952874937278888,111.84010528432422,0.01978319923301708,0.5479060229043541,historical,user_demographic,impression_management
Female_Black,Female_White,5.937209302325582,5.285,0.6522093023255815,0.17585627183834288,3.708763386756712,100.24109020343992,0.0019130141616438001,0.7061674569347306,corrected,user_demographic,fairness
Female_Black,Male_Black,5.937209302325582,6.098181818181818,-0.16097251585623606,0.1855224139158825,-0.8676715252811578,95.7503643717541,0.8214920400664641,-0.16902685296936543,corrected,user_demographic,fairness
Female_Black,Male_White,5.937209302325582,5.498333333333333,0.43887596899224857,0.17389631763352764,2.5237795426878677,99.8331929953014,0.062332238929180384,0.4821268489809085,corrected,user_demographic,fairness
Female_White,Male_Black,5.285,6.098181818181818,-0.8131818181818176,0.19227944848024062,-4.229166583371926,110.86216036979576,0.0002799758934517449,-0.7860023432954365,corrected,user_demographic,fairness
Female_White,Male_White,5.285,5.498333333333333,-0.21333333333333293,0.18108768464252395,-1.1780664916803343,117.94845929750757,0.6418518159459635,-0.21371456541518014,corrected,user_demographic,fairness
Male_Black,Male_White,6.098181818181818,5.498333333333333,0.5998484848484846,0.1904885488670778,3.149000233431652,110.1944185376832,0.011179415570539475,0.5857853470405109,corrected,user_demographic,fairness
Female_Black,Female_White,5.3895348837209305,4.669444444444445,0.7200904392764853,0.23489700872796923,3.0655581489775865,90.8777017223222,0.014917090031710822,0.6075012857228141,corrected,user_demographic,spp
Female_Black,Male_Black,5.3895348837209305,5.707575757575758,-0.3180408738548275,0.2605713659773478,-1.2205518924227294,95.54840652193462,0.6154115914078264,-0.24114296816594646,corrected,user_demographic,spp
Female_Black,Male_White,5.3895348837209305,4.793055555555555,0.5964793281653753,0.23185855234124864,2.5726000707857395,89.13735901794429,0.05598227408580536,0.5125038430078988,corrected,user_demographic,spp
Female_White,Male_Black,4.669444444444445,5.707575757575758,-1.0381313131313128,0.2429661714169588,-4.272740139407128,105.84535862691976,0.0002448508311628794,-0.7983767475440824,corrected,user_demographic,spp
Female_White,Male_White,4.669444444444445,4.793055555555555,-0.12361111111111,0.21188089102015223,-0.5833990527222827,117.88235684483682,0.93690725631617,-0.1058351764494476,corrected,user_demographic,spp
Male_Black,Male_White,5.707575757575758,4.793055555555555,0.9145202020202028,0.24002988155112456,3.810026468831202,104.23725926897973,0.0013273531708460906,0.7128694020566192,corrected,user_demographic,spp
Female_Black,Female_White,4.093023255813954,3.6875,0.40552325581395365,0.14649990351242737,2.768078654601665,99.60654001833356,0.03347114273286678,0.5296409637632546,corrected,user_demographic,impression_management
Female_Black,Male_Black,4.093023255813954,4.1454545454545455,-0.05243128964059185,0.15207229304723266,-0.34477871405744526,95.99751144199442,0.9858276715928216,-0.06760623195629652,corrected,user_demographic,impression_management
Female_Black,Male_White,4.093023255813954,3.683333333333333,0.4096899224806205,0.14737004545662857,2.7800081163793453,99.85777138504709,0.0324133266886214,0.5309787860608518,corrected,user_demographic,impression_management
Female_White,Male_Black,3.6875,4.1454545454545455,-0.4579545454545455,0.15567963125965636,-2.9416471618610665,111.575136568307,0.020431566361929332,-0.5460908635002542,corrected,user_demographic,impression_management
Female_White,Male_White,3.6875,3.683333333333333,0.004166666666666874,0.1510896938059904,0.027577438021796255,117.98519601225654,0.999992421467321,0.005002858687276429,corrected,user_demographic,impression_management
Male_Black,Male_White,4.1454545454545455,3.683333333333333,0.4621212121212124,0.15649874171341066,2.952874937278888,111.84010528432422,0.01978319923301708,0.5479060229043541,corrected,user_demographic,impression_management
