term,coef,se_cluster,t_cluster,se_hc1,t_hc1,n,n_clusters,cluster_col,r2
Intercept,0.12088336676166415,0.07180490865199395,1.683497257096049,0.06229134602562954,1.9406125324684291,720,240,participant_id,0.15037059676432052
mean_belief_lag,0.3131724648989909,0.058586485680358555,5.345472787147971,0.051776680648709744,6.04852340812997,720,240,participant_id,0.15037059676432052
mean_conf_lag,-0.2387138038590808,0.0844032868497519,-2.828252462300673,0.07028809939688388,-3.396219358716418,720,240,participant_id,0.15037059676432052
abs_calibration_error,-0.02379380693911818,0.05540641887519405,-0.42944134311793397,0.059567389763660265,-0.3994435048022509,720,240,participant_id,0.15037059676432052
taskType=travel,0.09788956734487701,0.01977755917388853,4.949527213353832,0.023094134740238425,4.238719850123573,720,240,participant_id,0.15037059676432052
taskType=vqa,0.17814678792036726,0.022074405201759326,8.070287117234262,0.025214152245328296,7.065349101847137,720,240,participant_id,0.15037059676432052
taskPosition=2,0.01846575598267386,0.01871825208373683,0.9865107008959265,0.02358205925031672,0.7830425573384078,720,240,participant_id,0.15037059676432052
taskPosition=3,0.029436370275909826,0.019778944526503674,1.4882680032023579,0.02345454502358789,1.2550390658316375,720,240,participant_id,0.15037059676432052
updater_family=evidence_accumulation,-0.029374797340821913,0.02950191214744427,-0.9956913027878646,0.030049162135910544,-0.9775579501338999,720,240,participant_id,0.15037059676432052
updater_family=inertial,-0.0026846314400926496,0.03584744565288469,-0.07489045289553606,0.031874256223878544,-0.08422569678916814,720,240,participant_id,0.15037059676432052
updater_family=not_classified,-0.04544519261045496,0.042035014427191,-1.0811270848775547,0.03858600705265455,-1.1777635490617193,720,240,participant_id,0.15037059676432052
updater_family=other,-0.06326960207979368,0.049326430020201616,-1.28267142085656,0.04741135655608907,-1.3344820033770564,720,240,participant_id,0.15037059676432052
updater_family=phase_change,-0.015326078076012535,0.045270358466381666,-0.33854554271740245,0.04739354304972404,-0.3233790320325455,720,240,participant_id,0.15037059676432052
updater_family=recency_discounted,-0.03506486591786551,0.03877250118463963,-0.9043746172288993,0.038876045428808945,-0.9019658643541153,720,240,participant_id,0.15037059676432052
updater_family=response_expression,-0.0009689606653566062,0.0743699266212606,-0.013028931308365757,0.07465397034746389,-0.012979358778196896,720,240,participant_id,0.15037059676432052
