term,coef,se_cluster,z_cluster,se_mle,z_mle,odds_ratio,n,n_clusters,cluster_col,log_likelihood
Intercept,1.075076133012744,0.36858539372579113,2.9167627131002,0.20279417713500725,5.3013165772359825,2.930215978212218,7200,240,participant_id,-3265.6955031022476
abs_feedback_gap,1.3324292770345116,0.13200360127599353,10.093885804286995,0.10819833003877596,12.314693549863454,3.790239755176399,7200,240,participant_id,-3265.6955031022476
belief_lag,-0.6718161119108559,0.2832189162283778,-2.3720735918964073,0.13791036351903063,-4.87139686074535,0.5107801011075117,7200,240,participant_id,-3265.6955031022476
conf_lag,-0.44593285335039734,0.353921420411633,-1.2599770108058146,0.1712870169729148,-2.603424715026193,0.6402267597002929,7200,240,participant_id,-3265.6955031022476
taskType=travel,0.10531350794716451,0.10932252433511869,0.9633285417407224,0.0747637705807831,1.4086168625400197,1.1110588815490925,7200,240,participant_id,-3265.6955031022476
taskType=vqa,-0.15612157001888324,0.12639766248504591,-1.2351618451595492,0.08290863675442292,-1.8830555673146396,0.8554551863461031,7200,240,participant_id,-3265.6955031022476
trialOrdinal=2,-0.017953250122338695,0.11825821493370219,-0.1518139786940267,0.13362353206915215,-0.13435694929129416,0.9822069493397054,7200,240,participant_id,-3265.6955031022476
trialOrdinal=3,0.01620750967329477,0.12198815052675246,0.1328613443462314,0.1335912961027515,0.12132159913194339,1.0163395638165271,7200,240,participant_id,-3265.6955031022476
trialOrdinal=4,-0.2542351645479485,0.13192954824998343,-1.9270524906688629,0.1340789216940771,-1.8961605697279356,0.7755094082816146,7200,240,participant_id,-3265.6955031022476
trialOrdinal=5,-0.2520404521133032,0.12859308124640803,-1.9599845471495259,0.13407021743815487,-1.879913801359849,0.7772132975126602,7200,240,participant_id,-3265.6955031022476
trialOrdinal=6,-0.4343149334429287,0.14311165674229676,-3.0347977469438843,0.13460987716237888,-3.2264715086175872,0.6477082383756065,7200,240,participant_id,-3265.6955031022476
trialOrdinal=7,-0.3937247222822036,0.12798593524495697,-3.0763124208034225,0.13430861793935062,-2.931492619929995,0.6745397164389183,7200,240,participant_id,-3265.6955031022476
trialOrdinal=8,-0.3223429806896742,0.140653575288052,-2.2917510630606492,0.13420981390149817,-2.4017839777816423,0.724449675465114,7200,240,participant_id,-3265.6955031022476
trialOrdinal=9,-0.4625492005550208,0.14508256780423628,-3.1881790318127714,0.1348269839610606,-3.4306871441150806,0.6296764263198119,7200,240,participant_id,-3265.6955031022476
trialOrdinal=10,-0.4705316921412189,0.14728411284652632,-3.194721297819301,0.1352089993026898,-3.480032354117559,0.6246700478157431,7200,240,participant_id,-3265.6955031022476
updater_family=evidence_accumulation,-0.6745412266372152,0.15052399370758693,-4.4812870694063704,0.08243281134159074,-8.182921529171255,0.509390061600849,7200,240,participant_id,-3265.6955031022476
updater_family=inertial,-4.695119914313363,0.3812823599055087,-12.314023432599743,0.17768487774887554,-26.423857639416227,0.009139771312773801,7200,240,participant_id,-3265.6955031022476
updater_family=not_classified,-1.614780576801645,0.2446712567100076,-6.599796798835001,0.11391531268887603,-14.175272302608798,0.19893431645614976,7200,240,participant_id,-3265.6955031022476
updater_family=other,-1.9250225561734788,0.21476007382175852,-8.963596081509841,0.14823982212367035,-12.985866608552135,0.1458724664944585,7200,240,participant_id,-3265.6955031022476
updater_family=phase_change,-0.7746588758571478,0.23698784495686098,-3.26877049748336,0.1258813541643118,-6.1538810175651,0.46086096498947066,7200,240,participant_id,-3265.6955031022476
updater_family=recency_discounted,-0.2922037731111045,0.19435297967787551,-1.5034694790654037,0.10867990260846845,-2.688664289328648,0.7466163801286683,7200,240,participant_id,-3265.6955031022476
updater_family=response_expression,-1.0414489942872243,0.27143147703809756,-3.8368762740846325,0.18430539138958235,-5.6506702621944624,0.3529428990186518,7200,240,participant_id,-3265.6955031022476
