model,term,coef,se,z,p,ci_low,ci_high
Primary GLM (HC1),Intercept,-2.0113250539191405,0.5004979326863221,-4.018648075375172,5.853301957063066e-05,-2.9922829763210843,-1.0303671315171967
Primary GLM (HC1),C(cond2)[T.evaluative],2.394459927232926,0.46155224257263466,5.18784160572269,2.1274543146589016e-07,1.4898341548068674,3.2990856996589843
Primary GLM (HC1),C(errorType)[T.overbreadth],0.9955322674931004,0.4542370949654446,2.1916577895709595,0.028404225765610473,0.1052439209187287,1.8858206140674723
Primary GLM (HC1),C(errorType)[T.out_of_scope],2.3363655714367804,0.5042821240527277,4.633052531508118,3.6031306257434775e-06,1.3479907702460743,3.3247403726274865
Primary GLM (HC1),C(postId)[T.M_111_2],0.7557610307323289,0.5389991508835825,1.4021562547796378,0.16086859146726507,-0.30065789269716336,1.812179954161821
Primary GLM (HC1),C(postId)[T.M_130_1],1.065244911638816,0.5738779625464828,1.8562220213370428,0.06342191850070505,-0.05953522647351628,2.1900250497511484
Primary GLM (HC1),C(postId)[T.M_130_2],0.4364770900764383,0.5338791223530974,0.8175578924170043,0.41360967956044237,-0.6099067618334855,1.482860941986362
Primary GLM (HC1),C(postId)[T.M_86a_1],1.6005760756372829,0.545522790794666,2.934022377517381,0.0033460008397864435,0.5313710529339588,2.669781098340607
Primary GLM (HC1),C(postId)[T.M_86a_2],0.7234984784483138,0.516504901618003,1.4007582041949318,0.16128639096568365,-0.28883252656137604,1.7358294834580037
Primary GLM (HC1),C(postId)[T.M_OTHER_1],1.2417207817583649,0.6259041062967453,1.9838834244197414,0.04726883715968168,0.014971275641014303,2.468470287875715
Primary GLM (HC1),C(postId)[T.M_OTHER_2],0.509854595434676,0.5372793951451079,0.9489561670180465,0.3426429060310795,-0.5431936686851999,1.562902859554552
Primary GLM (HC1),C(cond2)[T.evaluative]:C(errorType)[T.overbreadth],-0.9154712067364795,0.6445810326916872,-1.420257749306693,0.1555326566771795,-2.1788268159298214,0.3478844024568625
Primary GLM (HC1),C(cond2)[T.evaluative]:C(errorType)[T.out_of_scope],-2.6493039407082883,0.6698205034921497,-3.9552446168727022,7.64563820398001e-05,-3.9621280036593873,-1.3364798777571893
