model,term,coef,se,z,p,ci_low,ci_high,is_threshold
H2a_robust_order_FE,cond2_evaluative,-1.5684290855373446,0.39742457840476986,-3.946482353539613,7.930776397202521e-05,-2.3473812592106933,-0.7894769118639957,False
H2a_robust_order_FE,errorType_overbreadth,-0.02820081047941898,0.3474218393541546,-0.08117166880425056,0.9353054301675527,-0.709147615613562,0.6527459946547239,False
H2a_robust_order_FE,errorType_out_of_scope,-1.3785886981502677,0.41476647850711035,-3.3237707712356377,0.00088809161820258,-2.1915309960242038,-0.5656464002763315,False
H2a_robust_order_FE,cond2_evaluative:errorType_overbreadth,-0.09906017840870751,0.583039043194084,-0.16990316440220288,0.8650862924733369,-1.241816703069112,1.043696346251697,False
H2a_robust_order_FE,cond2_evaluative:errorType_out_of_scope,1.654006795011781,0.6071444046860648,2.72423954210204,0.0064449742724908,0.464003761827094,2.8440098281964676,False
H2a_robust_order_FE,order_noerror_first,-0.3897308591442523,0.23988046858361178,-1.6246877515515994,0.1042291085295508,-0.8598965775681314,0.08043485927962679,False
H2a_robust_order_FE,0/1,-0.691145042193363,0.2772092894111683,-2.493224681111707,0.0126588714570397,-1.234475249439253,-0.14781483494747316,True
H2a_robust_order_FE,1/2,0.25381728410923327,0.11237543498288512,2.258654519538811,0.023904883619064066,0.033561431542778436,0.47407313667568807,True
H2a_robust_order_FE,2/3,-0.7994482275093833,0.24435614064794792,-3.2716518823284866,0.0010692114052366364,-1.2783862631793612,-0.3205101918394054,True
