dv,contrast,coef,se,t,p,ci_low,ci_high,robust_se,n,participants
element_coverage_mean,Evaluative vs Explainable,0.006666666666667417,0.11340970514056316,0.05878391675919238,0.9531242188731461,-0.2156163554088364,0.2289496887421712,cluster(participantId),900,450
element_coverage_mean,Evaluative vs Manual,0.1400000000000024,0.11320778420724162,1.2366640773015585,0.21621182030767072,-0.08188725704619118,0.36188725704619595,cluster(participantId),900,450
element_coverage_mean,Manual vs Explainable,-0.13333333333333497,0.11431051849813033,-1.1664135119421732,0.24344729809548138,-0.3573819495896704,0.09071528292300046,cluster(participantId),900,450
perceived_overall_quality_mean,Evaluative vs Explainable,-0.006666666666665572,0.11528789547927037,-0.05782625000613605,0.9538870286787674,-0.2326309418060355,0.21929760847270435,cluster(participantId),900,450
perceived_overall_quality_mean,Evaluative vs Manual,0.06000000000000234,0.11862463006683305,0.5057971516218712,0.6129990583178896,-0.1725042749309904,0.2925042749309951,cluster(participantId),900,450
perceived_overall_quality_mean,Manual vs Explainable,-0.06666666666666791,0.11580465530533636,-0.5756820957749171,0.5648300793459167,-0.29364379106512717,0.16031045773179137,cluster(participantId),900,450
proportionality_reasoning_mean,Evaluative vs Explainable,-0.03333333333333212,0.1262915324651233,-0.2639395744329689,0.7918264805731083,-0.2808647369649738,0.21419807029830956,cluster(participantId),900,450
proportionality_reasoning_mean,Evaluative vs Manual,0.016666666666668814,0.12728183931857237,0.13094300613423718,0.8958203935738529,-0.23280573839773305,0.26613907173107065,cluster(participantId),900,450
proportionality_reasoning_mean,Manual vs Explainable,-0.05000000000000093,0.12634307251841262,-0.3957478554490131,0.6922910480186838,-0.29763242213608965,0.1976324221360878,cluster(participantId),900,450
reasoning_depth_mean,Evaluative vs Explainable,-0.029999999999999152,0.12566370614198005,-0.23873241464089806,0.8113130801237313,-0.27630086403828,0.21630086403828175,cluster(participantId),900,450
reasoning_depth_mean,Evaluative vs Manual,0.05833333333333546,0.12702400397835367,0.45923078714536597,0.6460684441898528,-0.19063371446423774,0.30730038113090863,cluster(participantId),900,450
reasoning_depth_mean,Manual vs Explainable,-0.08833333333333461,0.12632621387245882,-0.6992478490847316,0.4843971522433105,-0.3359327125233539,0.1592660458566847,cluster(participantId),900,450
