dv,term,coef,se,t,p,ci_low,ci_high,robust_se,n,participants
element_coverage_mean,Intercept,3.431666666666656,0.08097114749794378,42.381351539495,0.0,3.2729661337838056,3.5903671995495063,cluster(participantId),900,450
element_coverage_mean,"C(condition, Treatment(reference='explainable'))[T.manual]",-0.13333333333333497,0.11431051849813033,-1.1664135119421735,0.24344729809548116,-0.35737783264377004,0.0907111659771001,cluster(participantId),900,450
element_coverage_mean,"C(condition, Treatment(reference='explainable'))[T.evaluative]",0.006666666666667417,0.11340970514056316,0.05878391675919239,0.9531242188731461,-0.21561227090614338,0.22894560423947824,cluster(participantId),900,450
proportionality_reasoning_mean,Intercept,3.3249999999999904,0.08863254629497942,37.5144361635962,5.357630593640321e-308,3.151283401403752,3.498716598596229,cluster(participantId),900,450
proportionality_reasoning_mean,"C(condition, Treatment(reference='explainable'))[T.manual]",-0.05000000000000093,0.12634307251841262,-0.3957478554490131,0.6922910480186838,-0.29762787183222195,0.19762787183222005,cluster(participantId),900,450
proportionality_reasoning_mean,"C(condition, Treatment(reference='explainable'))[T.evaluative]",-0.03333333333333212,0.1262915324651233,-0.26393957443296884,0.7918264805731083,-0.2808601885173448,0.21419352185068058,cluster(participantId),900,450
reasoning_depth_mean,Intercept,3.2049999999999925,0.08835887551908801,36.272530418380235,4.3870833510426935e-288,3.031819786268122,3.378180213731863,cluster(participantId),900,450
reasoning_depth_mean,"C(condition, Treatment(reference='explainable'))[T.manual]",-0.08833333333333461,0.12632621387245882,-0.6992478490847316,0.4843971522433105,-0.33592816282665805,0.15926149615998886,cluster(participantId),900,450
reasoning_depth_mean,"C(condition, Treatment(reference='explainable'))[T.evaluative]",-0.029999999999999152,0.12566370614198005,-0.2387324146408981,0.8113130801237313,-0.27629633820210486,0.21629633820210653,cluster(participantId),900,450
perceived_overall_quality_mean,Intercept,3.344999999999991,0.07946764805860937,42.092600973077374,0.0,3.189246271869012,3.5007537281309697,cluster(participantId),900,450
perceived_overall_quality_mean,"C(condition, Treatment(reference='explainable'))[T.manual]",-0.06666666666666791,0.11580465530533636,-0.5756820957749171,0.5648300793459167,-0.2936396203072025,0.16030628697386667,cluster(participantId),900,450
perceived_overall_quality_mean,"C(condition, Treatment(reference='explainable'))[T.evaluative]",-0.006666666666665572,0.11528789547927037,-0.05782625000613606,0.9538870286787674,-0.23262678965945363,0.2192934563261225,cluster(participantId),900,450
