cond2,pair_errorType,post,pred,pred_lo,pred_hi
explainable,near_miss,0,0.8863451805064255,0.7986883397344124,0.9387602984044572
explainable,near_miss,1,0.25000000000055683,0.15031543259450234,0.3857777601683036
explainable,overbreadth,0,0.848333514963273,0.752023334512042,0.9116336638727812
explainable,overbreadth,1,0.444444444444445,0.3175868649510327,0.5789822363203518
explainable,out_of_scope,0,0.8659100183026726,0.7665908540675599,0.926992244170287
explainable,out_of_scope,1,0.727272727272216,0.5771830930753927,0.8389502672338917
evaluative,near_miss,0,0.8444240502566743,0.7426912564747685,0.9107671323220782
evaluative,near_miss,1,0.7499999999994437,0.6142222398316967,0.8496845674054981
evaluative,overbreadth,0,0.7956247956653074,0.681547942582368,0.8762562506986783
evaluative,overbreadth,1,0.7708333333329955,0.6303428010072125,0.8690241051880422
evaluative,out_of_scope,0,0.8179991838928131,0.7086055962446324,0.8925521120835237
evaluative,out_of_scope,1,0.6999999999997548,0.5589312395206137,0.8111913718909981
