dv,model,term,coef,se_cluster,z,p,ci_low,ci_high,cumulative_OR,cumulative_OR_low,cumulative_OR_high,n,participants
element_coverage_mean_ord,H5_EoR_Sensitivity_OrderedLogit,cond_eval,0.14096272032176213,0.21606092547104966,0.6524211632179181,0.5141295155254797,-0.28251669360149523,0.5644421342450194,1.1513817240444524,0.7538840568142574,1.7584665207878214,600,300
element_coverage_mean_ord,H5_EoR_Sensitivity_OrderedLogit,post,-0.25185068625025875,0.2682754372455911,-0.9387765381580706,0.34784548721074415,-0.7776705432516173,0.27396917075109983,0.7773608000598637,0.45947509298809214,1.3151742557792407,600,300
element_coverage_mean_ord,H5_EoR_Sensitivity_OrderedLogit,pe_overbreadth,-0.06609396409231637,0.26019669588461636,-0.25401538581268374,0.7994836717038298,-0.5760794880261645,0.4438915598415317,0.936042905737204,0.5620977633792887,1.5587614441186228,600,300
element_coverage_mean_ord,H5_EoR_Sensitivity_OrderedLogit,pe_out_of_scope,0.2692149499422163,0.2586980432500452,1.0406532131439663,0.2980365248295258,-0.23783321482787234,0.7762631147123049,1.3089364666277912,0.7883341625787184,2.1733355663081078,600,300
element_coverage_mean_ord,H5_EoR_Sensitivity_OrderedLogit,post_x_ob,0.29503450155090594,0.3300485019011488,0.8939125608855824,0.37136867661658024,-0.3518605621753458,0.9419295652771577,1.3431726994281232,0.7033781926638947,2.5649258383407356,600,300
element_coverage_mean_ord,H5_EoR_Sensitivity_OrderedLogit,post_x_oos,0.5936217815019614,0.369579678499742,1.6062078518810547,0.10822824873170189,-0.13075438835753284,1.3179979513614557,1.8105339132971667,0.8774332557506952,3.735934362773387,600,300
element_coverage_mean_ord,H5_EoR_Sensitivity_OrderedLogit,cond_eval_x_post,0.5922904205269565,0.372799001351095,1.5887661135903866,0.11211320635153288,-0.13839562212118972,1.3229764631751026,1.8081250429948517,0.8707541339954324,3.754580131711764,600,300
element_coverage_mean_ord,H5_EoR_Sensitivity_OrderedLogit,cond_eval_x_post_x_ob,-1.0242395576098886,0.47824588393974266,-2.1416589081171042,0.03222093965525308,-1.9616014901317842,-0.08687762508799302,0.3590694132150574,0.14063301808834291,0.9167892807762528,600,300
element_coverage_mean_ord,H5_EoR_Sensitivity_OrderedLogit,cond_eval_x_post_x_oos,-1.603333031087527,0.5342619266846409,-3.0010243122451197,0.0026907308072654512,-2.650486407389423,-0.5561796547856308,0.20122471082274096,0.07061685614473151,0.5733954533844913,600,300
proportionality_reasoning_mean_ord,H5_EoR_Sensitivity_OrderedLogit,cond_eval,0.14127982837624664,0.2119717276310129,0.6665031698103518,0.5050895382757288,-0.27418475778053863,0.5567444145330319,1.1517468943590972,0.7601916109705193,1.744982303832959,600,300
proportionality_reasoning_mean_ord,H5_EoR_Sensitivity_OrderedLogit,post,-0.24867899646516675,0.2348445005575667,-1.0589091755385127,0.2896411451241918,-0.7089742175579975,0.21161622462766397,0.7798302614813748,0.4921487761961922,1.235673572984117,600,300
proportionality_reasoning_mean_ord,H5_EoR_Sensitivity_OrderedLogit,pe_overbreadth,0.1016050927664547,0.24627095148713268,0.4125744110415857,0.6799184524157003,-0.38108597214832535,0.5842961576812348,1.1069462443224543,0.683119157873724,1.7937280395320012,600,300
proportionality_reasoning_mean_ord,H5_EoR_Sensitivity_OrderedLogit,pe_out_of_scope,0.4248566268216854,0.2603118911678031,1.6321061051637202,0.10265713586657865,-0.08535467986720874,0.9350679335105796,1.5293711331436703,0.9181865643529826,2.547386504769167,600,300
proportionality_reasoning_mean_ord,H5_EoR_Sensitivity_OrderedLogit,post_x_ob,0.42167580880731415,0.3358486005743047,1.2555532703910155,0.20927798277814302,-0.23658744831832312,1.0799390659329515,1.524514210481291,0.7893168548522648,2.9445001252309515,600,300
proportionality_reasoning_mean_ord,H5_EoR_Sensitivity_OrderedLogit,post_x_oos,0.8103644974615125,0.3611035497335718,2.2441332910169756,0.024823826558568962,0.1026015399837118,1.5181274549393131,2.248727492776202,1.1080498075572085,4.563671508517872,600,300
proportionality_reasoning_mean_ord,H5_EoR_Sensitivity_OrderedLogit,cond_eval_x_post,0.5002850037925667,0.3358487360148809,1.4896140736715469,0.13632573936880266,-0.15797851879659985,1.1585485263817332,1.6491912294819995,0.8538681238863239,3.185306530733594,600,300
proportionality_reasoning_mean_ord,H5_EoR_Sensitivity_OrderedLogit,cond_eval_x_post_x_ob,-0.9917723820444873,0.49139495242329134,-2.0182795471414754,0.04356215558238419,-1.9549064887941383,-0.028638275294836202,0.3709186984460898,0.14157771517802054,0.971767913360847,600,300
proportionality_reasoning_mean_ord,H5_EoR_Sensitivity_OrderedLogit,cond_eval_x_post_x_oos,-1.6471837887947571,0.5128236265242613,-3.2119888858452006,0.001318194748223922,-2.6523180967823095,-0.642049480807205,0.19259152401908997,0.07048762638889014,0.5262128549960912,600,300
reasoning_depth_mean_ord,H5_EoR_Sensitivity_OrderedLogit,cond_eval,0.2203932647963038,0.20868118681968628,1.0561242637877917,0.29091144635878563,-0.18862186137028128,0.6294083909628889,1.2465668650690158,0.8280995839396444,1.8765000963957146,600,300
reasoning_depth_mean_ord,H5_EoR_Sensitivity_OrderedLogit,post,0.013639500672485934,0.22864082743897662,0.059654703078461636,0.9524306491510544,-0.43449652110790826,0.4617755224528801,1.013732943014093,0.6475906332271572,1.5868890422810378,600,300
reasoning_depth_mean_ord,H5_EoR_Sensitivity_OrderedLogit,pe_overbreadth,0.020479296928376505,0.2423554035040744,0.08450109480654602,0.9326580324265115,-0.4545372939396093,0.49549588779636233,1.020690436597235,0.6347415987951478,1.6413119438502102,600,300
reasoning_depth_mean_ord,H5_EoR_Sensitivity_OrderedLogit,pe_out_of_scope,0.3437490958275634,0.25697336147759525,1.3376837733335791,0.180999542775385,-0.15991869266852332,0.8474168843236501,1.410224759838777,0.852213077320514,2.333611072380178,600,300
reasoning_depth_mean_ord,H5_EoR_Sensitivity_OrderedLogit,post_x_ob,0.3210647519379054,0.3357844841382038,0.9561631555487836,0.3389898113095593,-0.33707283697297397,0.9792023408487848,1.3785948446915008,0.7138568428375196,2.662331761443324,600,300
reasoning_depth_mean_ord,H5_EoR_Sensitivity_OrderedLogit,post_x_oos,0.652833192950997,0.34328845753369813,1.9017044663871725,0.05720980164000755,-0.02001218381505132,1.3256785697170452,1.920975621059848,0.9801867308201588,3.764739126409704,600,300
reasoning_depth_mean_ord,H5_EoR_Sensitivity_OrderedLogit,cond_eval_x_post,0.22520522628064782,0.3492924256616439,0.6447469505073147,0.5190911851210116,-0.4594079280161743,0.90981838057747,1.2525797520994386,0.6316575215371176,2.4838713731318975,600,300
reasoning_depth_mean_ord,H5_EoR_Sensitivity_OrderedLogit,cond_eval_x_post_x_ob,-0.9555668840529105,0.48290024536236104,-1.978808031741354,0.04783762387151613,-1.902051364963138,-0.009082403142682827,0.3845940625043232,0.1492621138822187,0.9909587172957746,600,300
reasoning_depth_mean_ord,H5_EoR_Sensitivity_OrderedLogit,cond_eval_x_post_x_oos,-1.2292047172466698,0.5407310903895863,-2.2732273751099674,0.02301248143249124,-2.289037654410259,-0.16937178008308051,0.29252512538514797,0.10136396209377545,0.844194990152731,600,300
perceived_overall_quality_mean_ord,H5_EoR_Sensitivity_OrderedLogit,cond_eval,0.16779588892293176,0.20868320304131854,0.8040699322106378,0.4213565883757968,-0.2412231890380526,0.5768149668839161,1.182695184821789,0.7856662547229348,1.7803588887674968,600,300
perceived_overall_quality_mean_ord,H5_EoR_Sensitivity_OrderedLogit,post,-0.3271453874537523,0.23421070657108956,-1.3967994556835277,0.1624738860380015,-0.7861983723330879,0.13190759742558322,0.7209789141178549,0.4555734279395499,1.1410028827922223,600,300
perceived_overall_quality_mean_ord,H5_EoR_Sensitivity_OrderedLogit,pe_overbreadth,-0.19419749180761994,0.25195865424359903,-0.7707514250328772,0.4408542842065526,-0.6880364541250741,0.29964147050983414,0.8234952546417155,0.5025619042369818,1.3493749301332767,600,300
perceived_overall_quality_mean_ord,H5_EoR_Sensitivity_OrderedLogit,pe_out_of_scope,0.26348813183359276,0.25146622448160705,1.0478072447970643,0.29472742393314433,-0.22938566815035705,0.7563619318175425,1.3014618488841907,0.7950218597615998,2.1305111592893438,600,300
perceived_overall_quality_mean_ord,H5_EoR_Sensitivity_OrderedLogit,post_x_ob,0.5294040378004342,0.33061197847393453,1.6012851084346675,0.10931378577409734,-0.11859544000847744,1.1774035156093459,1.6979201108287623,0.8881670449413113,3.2459352316401873,600,300
perceived_overall_quality_mean_ord,H5_EoR_Sensitivity_OrderedLogit,post_x_oos,0.8170370551905118,0.3546319527109504,2.303901408050655,0.021228178655005703,0.12195842787704914,1.5121156825039745,2.263782428394482,1.1297071364801257,4.536318057682531,600,300
perceived_overall_quality_mean_ord,H5_EoR_Sensitivity_OrderedLogit,cond_eval_x_post,0.45392288726835317,0.3396267411251544,1.336534590193179,0.18137460234475178,-0.21174552533694946,1.119591299873656,1.5744765806036414,0.8091705847807615,3.0636018529281985,600,300
perceived_overall_quality_mean_ord,H5_EoR_Sensitivity_OrderedLogit,cond_eval_x_post_x_ob,-0.9083991264998567,0.48440803266600946,-1.8752767609990921,0.06075465869145358,-1.857838870525235,0.041040617525521905,0.40316913046613584,0.15600942287292252,1.0418944238593935,600,300
perceived_overall_quality_mean_ord,H5_EoR_Sensitivity_OrderedLogit,cond_eval_x_post_x_oos,-1.5798926628992978,0.5342613160568205,-2.9571533918268393,0.003104936134046943,-2.627044842370666,-0.5327404834279297,0.20599720816132971,0.07229178049565725,0.5869941157807197,600,300
