dv,model,term,coef,se,t,p,ci_low,ci_high,n_participants
delta_element_coverage_mean,H5_EoR_FD_OLS_HC1,Intercept,0.13461538461538433,0.14016064086734287,0.9604364233950177,0.3368356139912162,-0.14009442353466053,0.4093251927654292,300
delta_element_coverage_mean,H5_EoR_FD_OLS_HC1,"C(cond2, Treatment(reference='explainable'))[T.evaluative]",-0.18269230769230707,0.1910155767194149,-0.9564262288444989,0.33885693860487964,-0.5570759585485079,0.19169134316389377,300
delta_element_coverage_mean,H5_EoR_FD_OLS_HC1,"C(pair_errorType, Treatment(reference='near_miss'))[T.overbreadth]",-0.1438746438746432,0.17486803401150414,-0.8227612593001304,0.41064377131812746,-0.4866096925845165,0.19886040483523013,300
delta_element_coverage_mean,H5_EoR_FD_OLS_HC1,"C(pair_errorType, Treatment(reference='near_miss'))[T.out_of_scope]",-0.15734265734265668,0.18686376324168763,-0.8420180275356616,0.39977786269966065,-0.523588903311984,0.2089035886266707,300
delta_element_coverage_mean,H5_EoR_FD_OLS_HC1,"C(cond2, Treatment(reference='explainable'))[T.evaluative]:C(pair_errorType, Treatment(reference='near_miss'))[T.overbreadth]",0.06695156695156582,0.25062131855004877,0.26714234582640134,0.7893595646785495,-0.4242571911644699,0.5581603250676016,300
delta_element_coverage_mean,H5_EoR_FD_OLS_HC1,"C(cond2, Treatment(reference='explainable'))[T.evaluative]:C(pair_errorType, Treatment(reference='near_miss'))[T.out_of_scope]",0.06541958041957924,0.26405938395127604,0.24774571325838732,0.8043311601108656,-0.45212730190475575,0.5829664627439142,300
delta_proportionality_reasoning_mean,H5_EoR_FD_OLS_HC1,Intercept,0.019230769230768843,0.1516980742844013,0.12677002870000367,0.8991224179470692,-0.27809199289073944,0.3165535313522771,300
delta_proportionality_reasoning_mean,H5_EoR_FD_OLS_HC1,"C(cond2, Treatment(reference='explainable'))[T.evaluative]",-0.02884615384615312,0.19496395643085485,-0.14795634215795977,0.8823772228520801,-0.4109684867340649,0.3532761790417586,300
delta_proportionality_reasoning_mean,H5_EoR_FD_OLS_HC1,"C(pair_errorType, Treatment(reference='near_miss'))[T.overbreadth]",0.1196581196581202,0.20828200359093446,0.5745005213850765,0.5656291478334593,-0.28856710600795354,0.527883345324194,300
delta_proportionality_reasoning_mean,H5_EoR_FD_OLS_HC1,"C(pair_errorType, Treatment(reference='near_miss'))[T.out_of_scope]",0.11713286713286804,0.22592667908228742,0.5184552245386022,0.6041406925873033,-0.3256752870151541,0.5599410212808902,300
delta_proportionality_reasoning_mean,H5_EoR_FD_OLS_HC1,"C(cond2, Treatment(reference='explainable'))[T.evaluative]:C(pair_errorType, Treatment(reference='near_miss'))[T.overbreadth]",-0.29754273504273626,0.27409239150803916,-1.0855563461855864,0.27767532208295054,-0.8347539508349451,0.2396684807494726,300
delta_proportionality_reasoning_mean,H5_EoR_FD_OLS_HC1,"C(cond2, Treatment(reference='explainable'))[T.evaluative]:C(pair_errorType, Treatment(reference='near_miss'))[T.out_of_scope]",-0.24751748251748412,0.28843114134033915,-0.858151035173493,0.3908090695742905,-0.8128321315643308,0.31779716652936246,300
delta_reasoning_depth_mean,H5_EoR_FD_OLS_HC1,Intercept,0.2211538461538459,0.14433765109530666,1.5321979017645038,0.12547360617428904,-0.061742751606063434,0.5040504439137552,300
delta_reasoning_depth_mean,H5_EoR_FD_OLS_HC1,"C(cond2, Treatment(reference='explainable'))[T.evaluative]",-0.2788461538461533,0.193806613130171,-1.4387855468010533,0.1502112926137749,-0.658700135546976,0.10100782785466944,300
delta_reasoning_depth_mean,H5_EoR_FD_OLS_HC1,"C(pair_errorType, Treatment(reference='near_miss'))[T.overbreadth]",0.0010683760683768834,0.21603279119203173,0.004945434729985982,0.9960541300667295,-0.4223481141476671,0.4244848662844209,300
delta_reasoning_depth_mean,H5_EoR_FD_OLS_HC1,"C(pair_errorType, Treatment(reference='near_miss'))[T.out_of_scope]",-0.03933566433566352,0.206075711545434,-0.19087967252749768,0.84861986632404,-0.44323663705317917,0.3645653083818521,300
delta_reasoning_depth_mean,H5_EoR_FD_OLS_HC1,"C(cond2, Treatment(reference='explainable'))[T.evaluative]:C(pair_errorType, Treatment(reference='near_miss'))[T.overbreadth]",-0.19337606837606997,0.2875123151222923,-0.6725836014844031,0.5012122371816067,-0.7568898511274937,0.37013771437535375,300
delta_reasoning_depth_mean,H5_EoR_FD_OLS_HC1,"C(cond2, Treatment(reference='explainable'))[T.evaluative]:C(pair_errorType, Treatment(reference='near_miss'))[T.out_of_scope]",0.10702797202797053,0.2869774714991232,0.37294903836483734,0.7091863733680237,-0.45543753648468077,0.6694934805406219,300
delta_perceived_overall_quality_mean,H5_EoR_FD_OLS_HC1,Intercept,0.019230769230768573,0.14338549962592873,0.13411934457067673,0.8933082030871162,-0.26179964594133315,0.30026118440287025,300
delta_perceived_overall_quality_mean,H5_EoR_FD_OLS_HC1,"C(cond2, Treatment(reference='explainable'))[T.evaluative]",-0.12499999999999892,0.18948979259815035,-0.6596661397222885,0.5094681003021597,-0.49639316893033814,0.24639316893034027,300
delta_perceived_overall_quality_mean,H5_EoR_FD_OLS_HC1,"C(pair_errorType, Treatment(reference='near_miss'))[T.overbreadth]",0.08262108262108364,0.1948013544945591,0.42412991858016724,0.6714710671543136,-0.299182556327872,0.4644247215700393,300
delta_perceived_overall_quality_mean,H5_EoR_FD_OLS_HC1,"C(pair_errorType, Treatment(reference='near_miss'))[T.out_of_scope]",0.04895104895105021,0.1978953977678589,0.2473581978317263,0.8046310223945501,-0.3389168033801814,0.43681890128228185,300
delta_perceived_overall_quality_mean,H5_EoR_FD_OLS_HC1,"C(cond2, Treatment(reference='explainable'))[T.evaluative]:C(pair_errorType, Treatment(reference='near_miss'))[T.overbreadth]",-0.060185185185187264,0.2670303806716515,-0.22538703286796702,0.821678198420152,-0.5835551140796448,0.46318474370927026,300
delta_perceived_overall_quality_mean,H5_EoR_FD_OLS_HC1,"C(cond2, Treatment(reference='explainable'))[T.evaluative]:C(pair_errorType, Treatment(reference='near_miss'))[T.out_of_scope]",-0.12318181818182017,0.2706216899397696,-0.45518087707321575,0.6489791168140588,-0.653590583899134,0.4072269475354937,300
