threshold,term,coef,se_cluster,t_cluster,n,n_clusters,r2
0.0,Intercept,-0.038694017023270424,0.02908394982594113,-1.3304251057659884,2352,187,0.42969981062793094
0.0,signed_feedback_gap,0.19163772938935145,0.00967714953736884,19.80311750369589,2352,187,0.42969981062793094
0.0,belief_lag,0.016624120987908768,0.025543794185770328,0.6508086021601897,2352,187,0.42969981062793094
0.0,conf_lag,0.025818198742828338,0.024233761255255365,1.0653814102930212,2352,187,0.42969981062793094
0.0,taskType=travel,0.013247463339748487,0.006577636474164734,2.014015732213405,2352,187,0.42969981062793094
0.0,taskType=vqa,0.009302617260849872,0.007415965120350685,1.2544041281049028,2352,187,0.42969981062793094
0.0,trialOrdinal=2,0.010434485630205414,0.013254854875267133,0.7872199076034865,2352,187,0.42969981062793094
0.0,trialOrdinal=3,0.009888211153440256,0.0110702743520185,0.8932218695769982,2352,187,0.42969981062793094
0.0,trialOrdinal=4,0.021668267782893953,0.012794560134497151,1.693553162837634,2352,187,0.42969981062793094
0.0,trialOrdinal=5,0.013263685636736916,0.011809404063408416,1.1231460593201827,2352,187,0.42969981062793094
0.0,trialOrdinal=6,0.010250311883170587,0.01158695230374227,0.8846426233980453,2352,187,0.42969981062793094
0.0,trialOrdinal=7,0.022083074787759567,0.011342555018313608,1.946922430801913,2352,187,0.42969981062793094
0.0,trialOrdinal=8,0.0016870818632244234,0.012296862933027118,0.13719611842571905,2352,187,0.42969981062793094
0.0,trialOrdinal=9,0.024948782234019255,0.01279110707908442,1.950478725552587,2352,187,0.42969981062793094
0.0,trialOrdinal=10,0.002856518877950967,0.011993461850588355,0.23817300738825767,2352,187,0.42969981062793094
0.0,updater_family=evidence_accumulation,0.007496329325972242,0.007342052547335364,1.0210127587132116,2352,187,0.42969981062793094
0.0,updater_family=inertial,-0.008720744387681794,0.02658784720618398,-0.32799738617624763,2352,187,0.42969981062793094
0.0,updater_family=not_classified,0.011570520896857837,0.012118531891001483,0.9547790937819319,2352,187,0.42969981062793094
0.0,updater_family=other,-0.015614688380624374,0.02042182020008401,-0.7646080627308696,2352,187,0.42969981062793094
0.0,updater_family=phase_change,-0.01968831498407727,0.01151013014890337,-1.710520622214952,2352,187,0.42969981062793094
0.0,updater_family=recency_discounted,0.0008409263556530926,0.010584281052831974,0.07945049375158937,2352,187,0.42969981062793094
0.0,updater_family=response_expression,0.016252898769413226,0.018732573452508477,0.8676276546102,2352,187,0.42969981062793094
0.01,Intercept,-0.038913651594022304,0.02918266408840597,-1.333450965139347,2346,187,0.43063687326163225
0.01,signed_feedback_gap,0.1922475534714937,0.009692741769724678,19.83417675192584,2346,187,0.43063687326163225
0.01,belief_lag,0.016936454650683986,0.025591162933067586,0.6618087147887902,2346,187,0.43063687326163225
0.01,conf_lag,0.025765750937746218,0.024272877437957033,1.0615037711785535,2346,187,0.43063687326163225
0.01,taskType=travel,0.012743469370863082,0.006579733108768004,1.9367760303045456,2346,187,0.43063687326163225
0.01,taskType=vqa,0.009017656696721986,0.007424244244350575,1.2146228491316011,2346,187,0.43063687326163225
0.01,trialOrdinal=2,0.010856114921776317,0.013277817656225021,0.8176128941405261,2346,187,0.43063687326163225
0.01,trialOrdinal=3,0.010295678705565015,0.011125496097776216,0.9254129986727454,2346,187,0.43063687326163225
0.01,trialOrdinal=4,0.02208571861611817,0.012840364354850434,1.7200227350071506,2346,187,0.43063687326163225
0.01,trialOrdinal=5,0.013617044574886354,0.011861392624904947,1.1480139816209376,2346,187,0.43063687326163225
0.01,trialOrdinal=6,0.010090265319471646,0.011644705749824616,0.8665109738495211,2346,187,0.43063687326163225
0.01,trialOrdinal=7,0.022811577370819895,0.01133123914024696,2.013158233488904,2346,187,0.43063687326163225
0.01,trialOrdinal=8,0.0020978014587719083,0.012356043853636861,0.16977937951834352,2346,187,0.43063687326163225
0.01,trialOrdinal=9,0.02578743351240339,0.012847342734717437,2.007219239408775,2346,187,0.43063687326163225
0.01,trialOrdinal=10,0.0040383253553799205,0.011985241235721264,0.33694151631624597,2346,187,0.43063687326163225
0.01,updater_family=evidence_accumulation,0.007653824620349875,0.007355928570394039,1.0404974092808352,2346,187,0.43063687326163225
0.01,updater_family=inertial,-0.00885637439318472,0.02662148270406674,-0.3326777284208819,2346,187,0.43063687326163225
0.01,updater_family=not_classified,0.011519575326013925,0.012135271255518557,0.9492639334926574,2346,187,0.43063687326163225
0.01,updater_family=other,-0.015508756747562897,0.02044751289791018,-0.7584666568004931,2346,187,0.43063687326163225
0.01,updater_family=phase_change,-0.01976636511392893,0.01152038363455618,-1.715773167018359,2346,187,0.43063687326163225
0.01,updater_family=recency_discounted,0.0004190880204119063,0.010555497722043767,0.03970329315089483,2346,187,0.43063687326163225
0.01,updater_family=response_expression,0.01621393637347952,0.01875597220472531,0.8644679250161525,2346,187,0.43063687326163225
0.02,Intercept,-0.034790210840959845,0.030016558681689995,-1.159033958885559,2265,186,0.4410731922456569
0.02,signed_feedback_gap,0.1971615860822451,0.009658195016955976,20.41391644464698,2265,186,0.4410731922456569
0.02,belief_lag,0.017528136525316148,0.026392853646297443,0.6641243406347273,2265,186,0.4410731922456569
0.02,conf_lag,0.023430966805347134,0.02472591186996423,0.9476280158472081,2265,186,0.4410731922456569
0.02,taskType=travel,0.01360740829262441,0.006802046351490275,2.000487440025035,2265,186,0.4410731922456569
0.02,taskType=vqa,0.010068324835070957,0.007609479643231044,1.3231292160728967,2265,186,0.4410731922456569
0.02,trialOrdinal=2,0.008090623159767028,0.013555816979075005,0.5968377392713293,2265,186,0.4410731922456569
0.02,trialOrdinal=3,0.009607451667466472,0.011551900330843938,0.8316771606671738,2265,186,0.4410731922456569
0.02,trialOrdinal=4,0.019567602478469868,0.013212317580836712,1.4810121206025906,2265,186,0.4410731922456569
0.02,trialOrdinal=5,0.01027861950363908,0.012082243842035618,0.850721077808287,2265,186,0.4410731922456569
0.02,trialOrdinal=6,0.005908515684359275,0.011754575878741359,0.5026566458297378,2265,186,0.4410731922456569
0.02,trialOrdinal=7,0.0201328807844794,0.011774207840377849,1.7099138266811258,2265,186,0.4410731922456569
0.02,trialOrdinal=8,-0.0014793978100231156,0.012861432326913313,-0.11502589854843676,2265,186,0.4410731922456569
0.02,trialOrdinal=9,0.024421736284492842,0.013261222344642009,1.8415901377568007,2265,186,0.4410731922456569
0.02,trialOrdinal=10,-0.0003945421772795194,0.012254651763213987,-0.03219529896915195,2265,186,0.4410731922456569
0.02,updater_family=evidence_accumulation,0.006824141195046542,0.007544302119300091,0.9045424065916967,2265,186,0.4410731922456569
0.02,updater_family=inertial,-0.006992816536660861,0.02796576593309493,-0.2500491691659874,2265,186,0.4410731922456569
0.02,updater_family=not_classified,0.011818043023333138,0.01204500709149128,0.9811570000387569,2265,186,0.4410731922456569
0.02,updater_family=other,-0.01508086243572749,0.022444430622458555,-0.6719200272622259,2265,186,0.4410731922456569
0.02,updater_family=phase_change,-0.021687812952464185,0.011475150277530566,-1.8899807347125537,2265,186,0.4410731922456569
0.02,updater_family=recency_discounted,0.0010252670935297359,0.010855788364099762,0.09444427794118647,2265,186,0.4410731922456569
0.02,updater_family=response_expression,0.014813513205349297,0.018772580468914776,0.7891037265696511,2265,186,0.4410731922456569
0.05,Intercept,-0.02490952158842585,0.03628663826386809,-0.6864653982903992,1700,180,0.5037829264386
0.05,signed_feedback_gap,0.23214877890727317,0.010311052231524669,22.514557553836184,1700,180,0.5037829264386
0.05,belief_lag,0.006214320624711169,0.03473011355968733,0.17893176807588634,1700,180,0.5037829264386
0.05,conf_lag,0.013159588987787477,0.027274277603801807,0.48249083546590943,1700,180,0.5037829264386
0.05,taskType=travel,0.02068375548748251,0.008262807491149472,2.5032357960218086,1700,180,0.5037829264386
0.05,taskType=vqa,0.015402542388659037,0.009798063671026144,1.5719986015406187,1700,180,0.5037829264386
0.05,trialOrdinal=2,0.012045095791344057,0.015975045709493017,0.7539944492419434,1700,180,0.5037829264386
0.05,trialOrdinal=3,0.015549401975548407,0.013408785145261382,1.1596428615342167,1700,180,0.5037829264386
0.05,trialOrdinal=4,0.02168640286340481,0.01615449153790813,1.342437972282538,1700,180,0.5037829264386
0.05,trialOrdinal=5,0.015349635244164613,0.014644652464785291,1.0481392631934785,1700,180,0.5037829264386
0.05,trialOrdinal=6,0.015804729881190752,0.014327129138128739,1.1031330651672344,1700,180,0.5037829264386
0.05,trialOrdinal=7,0.017944621653864064,0.014031525782851571,1.27887885690912,1700,180,0.5037829264386
0.05,trialOrdinal=8,0.0025260420238678778,0.015922638235725282,0.15864469106634926,1700,180,0.5037829264386
0.05,trialOrdinal=9,0.04234911800749381,0.016793988118671985,2.521683218318404,1700,180,0.5037829264386
0.05,trialOrdinal=10,-0.0001689978399992027,0.015275891789092767,-0.011063042494178303,1700,180,0.5037829264386
0.05,updater_family=evidence_accumulation,0.004883943602198186,0.009071178693112344,0.5384023143438367,1700,180,0.5037829264386
0.05,updater_family=inertial,-0.018911853549882226,0.03749658091164564,-0.5043620802239226,1700,180,0.5037829264386
0.05,updater_family=not_classified,0.012479118462747588,0.01548064500068845,0.8061110155418343,1700,180,0.5037829264386
0.05,updater_family=other,-0.016160354018086326,0.025836086003811036,-0.6254954413645527,1700,180,0.5037829264386
0.05,updater_family=phase_change,-0.02364414630784448,0.013861939901055938,-1.705688127102858,1700,180,0.5037829264386
0.05,updater_family=recency_discounted,0.003487063844766193,0.012651819681612208,0.2756175737972453,1700,180,0.5037829264386
0.05,updater_family=response_expression,0.024347318792483235,0.02280048090628883,1.0678423359819467,1700,180,0.5037829264386
