threshold,term,coef,se_cluster,z_cluster,odds_ratio,n,n_clusters,log_likelihood
0.0,Intercept,1.075076133012744,0.36858539372579113,2.9167627131002,2.930215978212218,7200,240,-3265.6955031022476
0.0,abs_feedback_gap,1.3324292770345116,0.13200360127599353,10.093885804286995,3.790239755176399,7200,240,-3265.6955031022476
0.0,belief_lag,-0.6718161119108559,0.2832189162283778,-2.3720735918964073,0.5107801011075117,7200,240,-3265.6955031022476
0.0,conf_lag,-0.44593285335039734,0.353921420411633,-1.2599770108058146,0.6402267597002929,7200,240,-3265.6955031022476
0.0,taskType=travel,0.10531350794716451,0.10932252433511869,0.9633285417407224,1.1110588815490925,7200,240,-3265.6955031022476
0.0,taskType=vqa,-0.15612157001888324,0.12639766248504591,-1.2351618451595492,0.8554551863461031,7200,240,-3265.6955031022476
0.0,trialOrdinal=2,-0.017953250122338695,0.11825821493370219,-0.1518139786940267,0.9822069493397054,7200,240,-3265.6955031022476
0.0,trialOrdinal=3,0.01620750967329477,0.12198815052675246,0.1328613443462314,1.0163395638165271,7200,240,-3265.6955031022476
0.0,trialOrdinal=4,-0.2542351645479485,0.13192954824998343,-1.9270524906688629,0.7755094082816146,7200,240,-3265.6955031022476
0.0,trialOrdinal=5,-0.2520404521133032,0.12859308124640803,-1.9599845471495259,0.7772132975126602,7200,240,-3265.6955031022476
0.0,trialOrdinal=6,-0.4343149334429287,0.14311165674229676,-3.0347977469438843,0.6477082383756065,7200,240,-3265.6955031022476
0.0,trialOrdinal=7,-0.3937247222822036,0.12798593524495697,-3.0763124208034225,0.6745397164389183,7200,240,-3265.6955031022476
0.0,trialOrdinal=8,-0.3223429806896742,0.140653575288052,-2.2917510630606492,0.724449675465114,7200,240,-3265.6955031022476
0.0,trialOrdinal=9,-0.4625492005550208,0.14508256780423628,-3.1881790318127714,0.6296764263198119,7200,240,-3265.6955031022476
0.0,trialOrdinal=10,-0.4705316921412189,0.14728411284652632,-3.194721297819301,0.6246700478157431,7200,240,-3265.6955031022476
0.0,updater_family=evidence_accumulation,-0.6745412266372152,0.15052399370758693,-4.4812870694063704,0.509390061600849,7200,240,-3265.6955031022476
0.0,updater_family=inertial,-4.695119914313363,0.3812823599055087,-12.314023432599743,0.009139771312773801,7200,240,-3265.6955031022476
0.0,updater_family=not_classified,-1.614780576801645,0.2446712567100076,-6.599796798835001,0.19893431645614976,7200,240,-3265.6955031022476
0.0,updater_family=other,-1.9250225561734788,0.21476007382175852,-8.963596081509841,0.1458724664944585,7200,240,-3265.6955031022476
0.0,updater_family=phase_change,-0.7746588758571478,0.23698784495686098,-3.26877049748336,0.46086096498947066,7200,240,-3265.6955031022476
0.0,updater_family=recency_discounted,-0.2922037731111045,0.19435297967787551,-1.5034694790654037,0.7466163801286683,7200,240,-3265.6955031022476
0.0,updater_family=response_expression,-1.0414489942872243,0.27143147703809756,-3.8368762740846325,0.3529428990186518,7200,240,-3265.6955031022476
0.01,Intercept,1.074326976771353,0.3681312573634494,2.9183258831800014,2.9280216106882095,7200,240,-3265.523784688041
0.01,abs_feedback_gap,1.329987561397674,0.13178464901662593,10.092128114480792,3.7809963569662033,7200,240,-3265.523784688041
0.01,belief_lag,-0.6718770901960623,0.28206862003998906,-2.3819632616375754,0.5107489555624393,7200,240,-3265.523784688041
0.01,conf_lag,-0.4486491200732504,0.35301197225473474,-1.2709175759894726,0.6384900927509363,7200,240,-3265.523784688041
0.01,taskType=travel,0.09943279638876563,0.1094670112425768,0.9083357192280007,1.1045442388840354,7200,240,-3265.523784688041
0.01,taskType=vqa,-0.16033103321126108,0.12639086045519407,-1.2685334416889968,0.8518617477563729,7200,240,-3265.523784688041
0.01,trialOrdinal=2,-0.009090951309570822,0.11784062415896472,-0.07714615714617486,0.9909502464514852,7200,240,-3265.523784688041
0.01,trialOrdinal=3,0.025058126724164013,0.12237858621752669,0.20475907998825424,1.0253747204657786,7200,240,-3265.523784688041
0.01,trialOrdinal=4,-0.24526603313112644,0.1329157775773233,-1.845274034442177,0.7824963405977763,7200,240,-3265.523784688041
0.01,trialOrdinal=5,-0.24314749860470664,0.12967413207803788,-1.8750655563160468,0.7841558433483867,7200,240,-3265.523784688041
0.01,trialOrdinal=6,-0.43440933224972306,0.14259996794448684,-3.0463494383030683,0.6476470983765699,7200,240,-3265.523784688041
0.01,trialOrdinal=7,-0.39381609622347147,0.1283587280093111,-3.0680897382755625,0.6744780839023323,7200,240,-3265.523784688041
0.01,trialOrdinal=8,-0.31333446523941866,0.14117487012112795,-2.2194776235358167,0.7310053757886058,7200,240,-3265.523784688041
0.01,trialOrdinal=9,-0.47184065351628196,0.14572882307730323,-3.2377991090066627,0.6238529137661198,7200,240,-3265.523784688041
0.01,trialOrdinal=10,-0.47079658247399075,0.14633445271265463,-3.217264107984582,0.6245046006725464,7200,240,-3265.523784688041
0.01,updater_family=evidence_accumulation,-0.6806247661623143,0.14969464806280494,-4.546754175718799,0.5063005740655221,7200,240,-3265.523784688041
0.01,updater_family=inertial,-4.691544276252669,0.3810103047189269,-12.313431469297512,0.009172510323490994,7200,240,-3265.523784688041
0.01,updater_family=not_classified,-1.6106096489227089,0.24417224710981092,-6.596202754354691,0.19976578994530872,7200,240,-3265.523784688041
0.01,updater_family=other,-1.920680186526883,0.21417433506001554,-8.96783541309314,0.1465072759564014,7200,240,-3265.523784688041
0.01,updater_family=phase_change,-0.7707200108728973,0.23663590393631367,-3.2569867803337353,0.4626798138555632,7200,240,-3265.523784688041
0.01,updater_family=recency_discounted,-0.2954782267982991,0.1946582467873108,-1.5179332582870075,0.744175617632544,7200,240,-3265.523784688041
0.01,updater_family=response_expression,-1.0390572744264317,0.27102640125302285,-3.8337861906537887,0.3537880498390837,7200,240,-3265.523784688041
0.02,Intercept,1.0100914582432794,0.3455703703012348,2.922968937883128,2.7458521343457876,7200,240,-3238.9030232231503
0.02,abs_feedback_gap,1.3655149394738124,0.12870714236362246,10.6094729041219,3.9177399316016057,7200,240,-3238.9030232231503
0.02,belief_lag,-0.7669579451303242,0.27773610037982355,-2.7614629285910457,0.464423724028593,7200,240,-3238.9030232231503
0.02,conf_lag,-0.4373116698413453,0.3326885577916114,-1.314477638618601,0.6457701329680394,7200,240,-3238.9030232231503
0.02,taskType=travel,0.14239336235228764,0.1076893277270704,1.3222606674003177,1.1530301179817217,7200,240,-3238.9030232231503
0.02,taskType=vqa,-0.13377954992026858,0.12477772058602979,-1.0721429217648863,0.8747828893061378,7200,240,-3238.9030232231503
0.02,trialOrdinal=2,-0.0009064048770315594,0.11830010549105484,-0.007661910978600915,0.9990940057837846,7200,240,-3238.9030232231503
0.02,trialOrdinal=3,0.04180551915267715,0.12670646093568338,0.329939916591134,1.0426916754701836,7200,240,-3238.9030232231503
0.02,trialOrdinal=4,-0.23100196797557196,0.13140219079936055,-1.7579765342595497,0.7937379039769001,7200,240,-3238.9030232231503
0.02,trialOrdinal=5,-0.23737181633385435,0.1300209941261603,-1.8256422197751447,0.7886979827006888,7200,240,-3238.9030232231503
0.02,trialOrdinal=6,-0.4125037841977414,0.14085809642041128,-2.9285060261397007,0.6619906915824142,7200,240,-3238.9030232231503
0.02,trialOrdinal=7,-0.3801558135733495,0.12719273388132202,-2.9888170650381354,0.6837548626234285,7200,240,-3238.9030232231503
0.02,trialOrdinal=8,-0.31830144382636916,0.14154575136634828,-2.2487530763289554,0.7273834901007009,7200,240,-3238.9030232231503
0.02,trialOrdinal=9,-0.4885821212084948,0.14425398136273254,-3.3869576187289767,0.6134956402530028,7200,240,-3238.9030232231503
0.02,trialOrdinal=10,-0.48870473037278744,0.14830121732617343,-3.295352116347981,0.6134204246764079,7200,240,-3238.9030232231503
0.02,updater_family=evidence_accumulation,-0.6760480735992331,0.14602698549889642,-4.629610556497739,0.5086230667511006,7200,240,-3238.9030232231503
0.02,updater_family=inertial,-4.640827127587553,0.3770602739592439,-12.307918516202998,0.009649712782095997,7200,240,-3238.9030232231503
0.02,updater_family=not_classified,-1.6036874082438077,0.2343688782984168,-6.842578331590031,0.20115341401567216,7200,240,-3238.9030232231503
0.02,updater_family=other,-1.9803012439555672,0.20094659455549885,-9.854863419487478,0.13802765105182221,7200,240,-3238.9030232231503
0.02,updater_family=phase_change,-0.7792892093034989,0.22551431583725387,-3.4556086003244504,0.45873195785944565,7200,240,-3238.9030232231503
0.02,updater_family=recency_discounted,-0.27502093969556574,0.18806938939358928,-1.462337600937308,0.7595562181824719,7200,240,-3238.9030232231503
0.02,updater_family=response_expression,-1.0104753263222004,0.25182263913678304,-4.012646876333221,0.3640458978418978,7200,240,-3238.9030232231503
0.05,Intercept,0.5166179773443177,0.32543622162258196,1.5874630511887362,1.676348602825828,7200,240,-2984.2896614359497
0.05,abs_feedback_gap,1.5565768819636026,0.13926966346214073,11.176711735120582,4.742559087823276,7200,240,-2984.2896614359497
0.05,belief_lag,-1.1057969261128795,0.2647065877845854,-4.177443921466594,0.3309470367876825,7200,240,-2984.2896614359497
0.05,conf_lag,-0.23822209458060403,0.28984943658002055,-0.8218822068154567,0.788027654985666,7200,240,-2984.2896614359497
0.05,taskType=travel,0.0881336652309876,0.10559330920374077,0.8346519859599718,1.0921340926281438,7200,240,-2984.2896614359497
0.05,taskType=vqa,-0.180426020216025,0.12351269079271165,-1.4607893250324342,0.8349144452025467,7200,240,-2984.2896614359497
0.05,trialOrdinal=2,0.011309182649824709,0.1221386092975856,0.09259301964271067,1.0113733732086239,7200,240,-2984.2896614359497
0.05,trialOrdinal=3,-0.03910915327998445,0.1261627257817098,-0.30998976153743046,0.9616457366310874,7200,240,-2984.2896614359497
0.05,trialOrdinal=4,-0.3117177172397866,0.133526190881689,-2.3345061757658043,0.7321881831607162,7200,240,-2984.2896614359497
0.05,trialOrdinal=5,-0.4691000556409019,0.14109595042487644,-3.324688300609055,0.6255649887190277,7200,240,-2984.2896614359497
0.05,trialOrdinal=6,-0.5939156642596504,0.14151214045956745,-4.196923757430852,0.5521609692474923,7200,240,-2984.2896614359497
0.05,trialOrdinal=7,-0.5718117130333404,0.1321576711650113,-4.326738720443853,0.5645017964445591,7200,240,-2984.2896614359497
0.05,trialOrdinal=8,-0.5161124090517991,0.14456858297302613,-3.57001776207557,0.596836299101005,7200,240,-2984.2896614359497
0.05,trialOrdinal=9,-0.7971302883575919,0.1424913596492178,-5.594235961534442,0.45062026061493815,7200,240,-2984.2896614359497
0.05,trialOrdinal=10,-0.5603728740360224,0.1521089638159983,-3.684022689904645,0.5709961145238694,7200,240,-2984.2896614359497
0.05,updater_family=evidence_accumulation,-0.6388138266243522,0.14580983646140278,-4.381143564298916,0.5279182553764828,7200,240,-2984.2896614359497
0.05,updater_family=inertial,-4.312234772124082,0.3931869455255222,-10.967390502653833,0.013403562192070114,7200,240,-2984.2896614359497
0.05,updater_family=not_classified,-1.2944177542015514,0.22120374505532117,-5.851699092516849,0.2740573866482493,7200,240,-2984.2896614359497
0.05,updater_family=other,-1.542242126218548,0.20006690843810093,-7.7086317685351,0.2139009703970327,7200,240,-2984.2896614359497
0.05,updater_family=phase_change,-0.6379636814672507,0.21168920793204377,-3.013680705310443,0.5283672533543221,7200,240,-2984.2896614359497
0.05,updater_family=recency_discounted,-0.16158665611157197,0.17544264522379655,-0.9210226846810835,0.8507928018748958,7200,240,-2984.2896614359497
0.05,updater_family=response_expression,-1.096040058758864,0.2849417278793569,-3.846541069698723,0.33419184697696436,7200,240,-2984.2896614359497
