states,transition_mode,feedback,from_state,to_state,probability
3,conditioned,0,0,0,0.9970324597605172
3,conditioned,0,0,1,0.0009656529304682242
3,conditioned,0,0,2,0.002001887309014599
3,conditioned,0,1,0,0.116122896065713
3,conditioned,0,1,1,0.8838743266683984
3,conditioned,0,1,2,2.777265888677579e-06
3,conditioned,0,2,0,0.03561083783321653
3,conditioned,0,2,1,0.11338009461367085
3,conditioned,0,2,2,0.8510090675531127
3,conditioned,1,0,0,0.9285104941867167
3,conditioned,1,0,1,0.06031719465976903
3,conditioned,1,0,2,0.01117231115351443
3,conditioned,1,1,0,2.324845120253791e-06
3,conditioned,1,1,1,0.9435027325250439
3,conditioned,1,1,2,0.05649494262983582
3,conditioned,1,2,0,0.0010135911331435614
3,conditioned,1,2,1,0.0018219187601033774
3,conditioned,1,2,2,0.997164490106753
