condition,errorType,confusionDistance,n
evaluative,near_miss,0,39
evaluative,near_miss,1,7
evaluative,near_miss,2,3
evaluative,near_miss,3,3
evaluative,out_of_scope,0,35
evaluative,out_of_scope,1,7
evaluative,out_of_scope,2,4
evaluative,out_of_scope,3,4
evaluative,overbreadth,0,37
evaluative,overbreadth,1,7
evaluative,overbreadth,3,4
explainable,near_miss,0,13
explainable,near_miss,1,29
explainable,near_miss,2,7
explainable,near_miss,3,3
explainable,out_of_scope,0,32
explainable,out_of_scope,1,5
explainable,out_of_scope,2,1
explainable,out_of_scope,3,6
explainable,overbreadth,0,24
explainable,overbreadth,1,13
explainable,overbreadth,2,1
explainable,overbreadth,3,16
